"","chull (km2)"
"Lasiurus cinereus",14261096.5104654
"Leptonycteris nivalis",947562.380829134
"Leptonycteris yerbabuenae",1165215.6336907
"Lynx rufus",9855279.89662104
"Martes americana",7621812.92678826
"Mephitis macroura",1599504.35407659
"Mephitis mephitis",12252747.4490353
"Odocoileus hemionus",6327502.78101281
"Ovibos moschatus",1385148.9616645
"Mustela erminea",12584812.7745158
"Mustela frenata",10411504.9090424
"Mustela nivalis",11088523.6077338
"Myotis sodalis",1564575.68317537
"Nasua narica",1792343.40268261
"Neovison vison",14536117.3156996
"Nyctinomops macrotis",2740640.9121024
"Puma concolor",5511838.33387425
"Rangifer tarandus",8364906.30858659
"Procyon lotor",11163660.1009505
"Spilogale gracilis",3816829.0167141
"Spilogale putorius",2975726.87208934
"Vulpes vulpes",16061837.2144368
"Taxidea taxus",8844999.95499879
"Urocyon cinereoargenteus",8111242.77241168
"Vulpes lagopus",5461948.61014826
"Tadarida brasiliensis",5479769.59386447
"Sorex rohweri",23380.7416716623
"Sciurus carolinensis",4073051.25534783
"Canis lupus",10578641.1478232
"Oreamnos americanus",833187.487929104
"Lontra canadensis",18978510.4706312
"Pipistrellus subflavus",4130776.96059287
"Sciurus aberti",270365.373004682
"Ovis canadensis",537153.941788542
"Ovis dalli",816127.660862415
"Synaptomys borealis",6757050.10577243
"Cynomys parvidens",8276.49703347854
"Neofiber alleni",118101.499868398
"Bassariscus astutus",3894022.91213297
"Canis latrans",16769719.3291397
"Enhydra lutris",50219.9156440167
"Canis rufus",3086.87602369862
"Lepus arcticus",3196442.25569104
"Antrozous pallidus",4251125.13160947
"Conepatus leuconotus",2341171.69006296
"Peromyscus californicus",130732.086304553
"Myotis evotis",3156987.45870757
"Eumops floridanus",967.517511785653
"Myotis lucifugus",12016961.5718884
"Corynorhinus rafinesquii",1328039.22280589
"Neotoma fuscipes",169576.283559825
"Myotis yumanensis",4051304.05995363
"Corynorhinus townsendii",4590359.89638043
"Lynx canadensis",8304087.28941174
"Peromyscus maniculatus",13008930.5974128
"Neotamias quadrimaculatus",25543.1262696442
"Neotamias ochrogenys",8754.74555833674
"Neotamias siskiyou",22355.7693165304
"Neotamias alpinus",8864.18695423624
"Neotamias canipes",18917.9799320339
"Cervus canadensis",2069259.77953562
"Martes pennanti",3716318.88110876
"Panthera onca",276481.759951509
"Ammospermophilus nelsoni",8610.63842917523
"Arborimus pomo",20930.7099094048
"Enchisthenes hartii",449255.784360582
"Bison bison",195312.354051874
"Dipodomys stephensi",2934.53078834259
"Dipodomys elator",10768.0008430114
"Dipodomys spectabilis",523904.472688317
"Dipodomys nitratoides",11296.8332313008
"Dipodomys ingens",6784.23867407997
"Geomys personatus",35241.1706664551
"Eumops underwoodi",711484.196905999
"Geomys arenarius",120523.398742666
"Idionycteris phyllotis",1390579.620065
"Lasiurus seminolus",1187293.64548924
"Macrotus californicus",638687.040615743
"Marmota vancouverensis",6697.97168698234
"Pipistrellus hesperus",2649273.75109336
"Reithrodontomys raviventris",689.255385291412
"Microtus abbreviatus",NA
"Microtus breweri",NA
"Molossus molossus",641719.006852957
"Mormoops megalophylla",2203379.5112629
"Myotis grisescens",852989.621241898
"Myotis auriculus",791155.789028299
"Myotis austroriparius",829757.485889425
"Myotis ciliolabrum",1387940.29314151
"Myotis keenii",105515.875691667
"Myotis leibii",1419586.79032505
"Myotis septentrionalis",4937637.79475886
"Myotis velifer",1905295.55029263
"Myotis volans",4700891.00811163
"Neotoma magister",313401.304870675
"Neotoma macrotis",158888.866292285
"Sorex sonomae",141186.205440087
"Myotis melanorhinus",3263558.22389308
"Sciurus arizonensis",39248.3146885607
"Sorex pribilofensis",NA
"Sylvilagus transitionalis",20901.8988029921
"Thomomys idahoensis",106354.128852951
"Ursus maritimus",3996308.70003825
"Urocyon littoralis",729.798170221946
"Dicrostonyx unalascensis",4224.93071952044
"Lepus americanus",9510457.73306365
"Sylvilagus floridanus",6233804.15701306
"Sylvilagus palustris",354710.059623932
"Lepus alleni",243130.083022476
"Lepus californicus",4385653.81655641
"Sylvilagus bachmani",410271.801328597
"Sylvilagus obscurus",94341.5035803654
"Sorex lyelli",3091.12191479852
"Sylvilagus robustus",38040.9108605898
"Sylvilagus nuttallii",2066966.28066839
"Sorex fumeus",1502722.39398762
"Sorex alaskanus",492.330276138911
"Lasiurus xanthinus",1731915.6773878
"Urocitellus canus",217792.088185928
"Pecari tajacu",1662135.10177011
"Marmota broweri",218581.531223013
"Thomomys monticola",52698.8719984888
"Urocitellus elegans",282623.000973168
"Thomomys clusius",7446.15647167648
"Arborimus longicaudus",53337.063583898
"Microtus montanus",1453058.66390262
"Microtus californicus",284359.034444439
"Euderma maculatum",2104575.51225508
"Lasionycteris noctivagans",10094095.6358366
"Lepus callotis",423877.895960916
"Myotis californicus",3970828.99572331
"Myotis thysanodes",3468119.84264355
"Nycticeius humeralis",2874003.71814837
"Dasypus novemcinctus",3653019.53413934
"Lepus townsendii",3453820.35727071
"Sylvilagus aquaticus",880473.147512208
"Sylvilagus audubonii",3646081.81454782
"Geomys attwateri",47115.7611603636
"Sorex maritimensis",59643.511562827
"Geomys knoxjonesi",58468.2602101622
"Sorex yukonicus",35120.1797429347
"Notiosorex cockrumi",66252.4506781565
"Sorex neomexicanus",13600.0700462447
"Myotis occultus",997172.700219905
"Lepus othus",203199.733304438
"Eumops perotis",1450656.99703931
"Leopardus pardalis",637058.215913363
"Microtus oeconomus",3151076.71221678
"Peromyscus keeni",202295.275217149
"Scalopus aquaticus",3452121.66099321
"Cryptotis parva",4111757.23624187
"Sorex monticolus",4503788.76527297
"Sorex haydeni",1160418.91921138
"Sorex cinereus",11540047.8772857
"Sorex vagrans",969141.152454604
"Sorex ugyunak",1400537.21312191
"Sorex trowbridgii",372984.100684167
"Sorex preblei",670365.173811659
"Sorex palustris",6228875.5713594
"Sorex ornatus",191744.826347817
"Sorex nanus",997400.701119029
"Sorex bendirii",204293.309490307
"Sorex merriami",1800241.37251972
"Sorex longirostris",1638757.32941017
"Sorex hoyi",6974820.78193464
"Sorex dispar",333684.194885063
"Parascalops breweri",831548.343417405
"Sorex arizonae",62194.6962278574
"Sorex arcticus",4531659.784801
"Scapanus orarius",348514.298644731
"Scapanus latimanus",324395.378297784
"Notiosorex crawfordi",2160852.60556589
"Neurotrichus gibbsii",217494.588971581
"Blarina hylophaga",728070.371208328
"Blarina carolinensis",860384.033498769
"Blarina brevicauda",4099587.24560005
"Condylura cristata",3473907.2434614
"Microtus pennsylvanicus",11933323.1777043
"Oryzomys palustris",1499669.86440796
"Glaucomys volans",3796861.24537768
"Microdipodops pallidus",31229.7204122997
"Callospermophilus lateralis",1704037.61648656
"Urocitellus mollis",421287.895580321
"Neotamias umbrinus",295472.595923916
"Tamiasciurus hudsonicus",10343460.8493148
"Aplodontia rufa",242752.750411345
"Cynomys gunnisoni",309494.866786376
"Dicrostonyx hudsonius",487091.402541502
"Cynomys ludovicianus",1820846.70374643
"Dicrostonyx groenlandicus",2221016.83459545
"Dicrostonyx richardsoni",404698.958457367
"Dipodomys californicus",85733.7006923349
"Dipodomys compactus",49139.422258645
"Dipodomys panamintinus",60989.1799735958
"Geomys breviceps",204002.437512825
"Geomys bursarius",1536376.8669434
"Geomys pinetis",239768.773984757
"Lemmiscus curtatus",1662078.45033162
"Marmota flaviventris",1717933.80535767
"Marmota monax",7598394.91031601
"Microdipodops megacephalus",226038.560486787
"Microtus chrotorrhinus",1381444.13040603
"Microtus longicaudus",4014956.01038941
"Microtus miurus",1425720.47244847
"Microtus oregoni",204069.832945215
"Microtus ochrogaster",3242680.59170486
"Microtus pinetorum",2749262.78295976
"Napaeozapus insignis",2003058.6358431
"Neotoma floridana",1866867.90932253
"Microtus richardsoni",859719.998565534
"Microtus townsendii",210982.076118748
"Myodes californicus",198399.203504462
"Myodes gapperi",8354589.12558527
"Neotoma stephensi",226732.198409051
"Ochrotomys nuttalli",1440153.14400601
"Neotoma cinerea",3602601.4682686
"Perognathus fasciatus",1039950.08736863
"Perognathus parvus",921285.50612609
"Peromyscus attwateri",452873.368330986
"Peromyscus gossypinus",1142981.82173839
"Peromyscus polionotus",374995.218180483
"Peromyscus truei",1449447.13194433
"Phenacomys intermedius",524067.309809316
"Phenacomys ungava",5074449.8774904
"Reithrodontomys humulis",1290808.79476232
"Neotamias quadrivittatus",296955.841835515
"Neotamias rufus",141459.112246402
"Urocitellus beldingi",337682.808107531
"Urocitellus columbianus",532334.910276728
"Urocitellus richardsonii",900826.489861427
"Ictidomys tridecemlineatus",3678878.69114048
"Synaptomys cooperi",3214684.56562049
"Neotamias amoenus",1102179.75387979
"Neotamias sonomae",45511.4364204806
"Neotamias speciosus",67802.5136943734
"Tamias striatus",4189825.08747945
"Neotamias minimus",5242749.40059845
"Neotamias townsendii",149316.784018404
"Thomomys mazama",79112.6887713398
"Zapus princeps",3274317.35862428
"Zapus trinotatus",159281.576386216
"Thomomys talpoides",2619924.61132209
"Ammospermophilus leucurus",989085.069659165
"Baiomys taylori",1271380.30928914
"Thomomys townsendii",113167.50628826
"Zapus hudsonius",8719909.01650104
"Chaetodipus hispidus",2299373.51380601
"Neotoma leucodon",1076912.40205831
"Neotoma mexicana",1726048.08518073
"Ammospermophilus harrisii",269169.892721194
"Ammospermophilus interpres",312453.424801441
"Neotoma micropus",1063132.61541623
"Chaetodipus baileyi",281964.121425895
"Chaetodipus californicus",105429.437190447
"Cratogeomys castanops",651639.80704927
"Chaetodipus eremicus",538908.095006682
"Chaetodipus intermedius",510266.520553825
"Chaetodipus nelsoni",564417.490980262
"Chaetodipus penicillatus",394898.802239817
"Chaetodipus spinatus",124172.624664809
"Dipodomys merriami",1419963.17357426
"Dipodomys ordii",3419419.16210967
"Heteromys irroratus",605853.90754228
"Microtus mexicanus",854501.409848127
"Neotoma albigula",833069.782047414
"Peromyscus fraterculus",141884.24012827
"Thomomys bottae",1535226.61683597
"Oryzomys couesi",879370.964527909
"Onychomys arenicola",686472.120179727
"Onychomys leucogaster",3840421.69721428
"Onychomys torridus",765825.255661432
"Perognathus flavescens",1542741.57655421
"Perognathus longimembris",520047.705757417
"Perognathus merriami",692933.157191535
"Perognathus flavus",1540690.3041435
"Peromyscus boylii",2530269.68222009
"Peromyscus crinitus",912933.252217831
"Peromyscus eremicus",1215801.12046127
"Peromyscus gratus",598299.742308085
"Peromyscus leucopus",5821422.09734425
"Peromyscus pectoralis",832005.274947596
"Reithrodontomys fulvescens",2507220.62929319
"Reithrodontomys megalotis",5112841.28526727
"Peromyscus melanotis",494793.341951161
"Peromyscus merriami",195950.243995206
"Peromyscus nasutus",576459.178829221
"Reithrodontomys montanus",1846921.71957199
"Sciurus griseus",374520.14713551
"Sciurus nayaritensis",249139.446552785
"Sciurus niger",4351947.91138306
"Sigmodon hispidus",2608865.47098136
"Sigmodon ochrognathus",464610.870266429
"Otospermophilus beecheyi",463322.453417792
"Ictidomys mexicanus",715097.905024331
"Xerospermophilus spilosoma",1711789.29943218
"Xerospermophilus tereticaudus",308674.067277126
"Neotamias dorsalis",631970.787267451
"Thomomys umbrinus",468694.511373087
"Antilocapra americana",2007293.75402705
"Gulo gulo",7991040.81454506
"Lasiurus intermedius",1484889.78101555
"Neotoma lepida",980525.058490712
"Otospermophilus variegatus",2304670.34229327
"Dipodomys simulans",96542.8309631099
"Lemmus trimucronatus",4642611.18913767
"Tamiasciurus douglasii",505894.259480518
"Urocitellus parryii",3682513.70119572
"Sorex tundrensis",1534283.60300326
"Myodes rutilus",3598581.10935668
"Vulpes velox",1550582.16520762
"Ursus arctos",9695410.24741661
"Glaucomys sabrinus",7836705.93573261
"Urocitellus townsendii",11274.7306977424
"Urocitellus washingtoni",17294.9446573819
"Neotamias palmeri",303.961854274915
"Urocitellus brunneus",1286.78911041047
"Ochotona princeps",894209.881727558
"Brachylagus idahoensis",480338.831727347
"Xerospermophilus mohavensis",22711.9757441975
"Ochotona collaris",845992.630616067
"Sylvilagus cognatus",4085.8973599741
"Eptesicus fuscus",12003887.0679733
"Erethizon dorsatum",12046249.6832214
"Castor canadensis",15384283.8608302
"Lasiurus ega",546482.820602206
"Marmota caligata",1998814.8390662
"Ondatra zibethicus",14653028.0902921
"Ursus americanus",16085169.5831133
"Neotamias senex",99157.0806178577
"Sorex jacksoni",1680.24806070191
"Marmota olympus",5368.56276185992
"Dipodomys venustus",15582.2725374668
"Podomys floridanus",67486.2631609305
"Scapanus townsendii",114277.809447076
"Dipodomys deserti",307219.958281984
"Sorex tenellus",65720.5819435906
"Chaetodipus rudinoris",116626.798841939
"Nyctinomops femorosaccus",1246280.26770037
"Perognathus amplus",121907.199592681
"Dicrostonyx nelsoni",324057.066781998
"Perognathus inornatus",73532.0354529015
"Neotoma devia",73684.9547175129
"Sigmodon arizonae",343559.892451579
"Sorex pacificus",57775.7141999421
"Thomomys bulbivorus",6146.67351175849
"Dipodomys microps",392309.427609588
"Diphylla ecaudata",673096.625180353
"Chaetodipus formosus",321965.4965047
"Neotamias cinereicollis",74132.9360308935
"Sigmodon fulviventer",464212.442284414
"Odocoileus virginianus",11341352.6951039
"Microtus canicaudus",8888.27458825916
"Perognathus alticola",1031.89191523098
"Neotamias obscurus",13472.2079399156
"Mustela nigripes",2515288.00855641
"Dicrostonyx nunatakensis",54586.1058193389
"Dipodomys agilis",38353.3646976645
"Choeronycteris mexicana",1690678.48348338
"Cynomys leucurus",269518.721303243
"Dipodomys heermanni",69583.3783294546
"Neotamias ruficaudus",147845.812041506
"Neotamias merriami",71236.7484846917
"Arborimus albipes",76550.4755762276
"Geomys texensis",18190.4081190033
"Microtus xanthognathus",2261208.0765086
"Sorex bairdi",35286.6583421719
"Neotamias panamintinus",37380.3257174211
"Urocitellus armatus",176252.655799595
"Callospermophilus saturatus",74909.9269143655
"Poliocitellus franklinii",1658173.1376743
"Chaetodipus fallax",45795.9238345481
"Alces alces",8036502.33903492
"Didelphis virginiana",5598703.73407396
"Herpailurus yagouaroundi",681675.799718116
"Vulpes macrotis",1608125.19395554
"Lasiurus blossevillii",4046561.24788107
"Lasiurus borealis",4863633.56376307
