Species ID,Kingdom,Phylum,Class,Order,Family,Genus,Species,Synonyms,Common names,Red List status,Red List criteria version,Year assessed,Population trend,Petitioned
56003281,ANIMALIA,CHORDATA,MAMMALIA,CETARTIODACTYLA,CERVIDAE,Alces,alces,Cervus alces,"Moose, Elk, Eurasian Moose, European Elk, Eurasian Elk, Siberian Elk",LC,3.1,2016,increasing,N
42399,ANIMALIA,CHORDATA,MAMMALIA,RODENTIA,SCIURIDAE,Ammospermophilus,harrisii,,Harris's Antelope Squirrel,LC,3.1,2016,unknown,N
42451,ANIMALIA,CHORDATA,MAMMALIA,RODENTIA,SCIURIDAE,Ammospermophilus,interpres,,Texas Antelope Squirrel,LC,3.1,2016,unknown,N
42452,ANIMALIA,CHORDATA,MAMMALIA,RODENTIA,SCIURIDAE,Ammospermophilus,leucurus,Ammospermophilus insularis  ,White-tailed Antelope Squirrel,LC,3.1,2016,stable,N
1149,ANIMALIA,CHORDATA,MAMMALIA,RODENTIA,SCIURIDAE,Ammospermophilus,nelsoni,,"Nelson's Antelope Squirrel, San Joaquin Antelope Ground Squirrel, San Joaquin Antelope Squirrel",EN,3.1,2008,decreasing,N
1677,ANIMALIA,CHORDATA,MAMMALIA,CETARTIODACTYLA,ANTILOCAPRIDAE,Antilocapra,americana,,"Pronghorn, American Pronghorn, Mexican Pronghorn",LC,3.1,2016,stable,N
1790,ANIMALIA,CHORDATA,MAMMALIA,CHIROPTERA,VESPERTILIONIDAE,Antrozous,pallidus,,Pallid Bat,LC,3.1,2008,stable,N
1869,ANIMALIA,CHORDATA,MAMMALIA,RODENTIA,APLODONTIIDAE,Aplodontia,rufa,,"Mountain Beaver, Point Arena Mountain Beaver, Sewellel",LC,3.1,2016,stable,N
2017,ANIMALIA,CHORDATA,MAMMALIA,RODENTIA,CRICETIDAE,Arborimus,albipes,,White-footed Vole,LC,3.1,2016,unknown,N
42615,ANIMALIA,CHORDATA,MAMMALIA,RODENTIA,CRICETIDAE,Arborimus,longicaudus,,Red Tree Vole,NT,3.1,2008,decreasing,N
2018,ANIMALIA,CHORDATA,MAMMALIA,RODENTIA,CRICETIDAE,Arborimus,pomo,,"Sonoma Tree Vole, California Red Tree Mouse",NT,3.1,2008,decreasing,N
2466,ANIMALIA,CHORDATA,MAMMALIA,RODENTIA,CRICETIDAE,Baiomys,taylori,,Northern Pygmy Mouse,LC,3.1,2016,stable,N
41680,ANIMALIA,CHORDATA,MAMMALIA,CARNIVORA,PROCYONIDAE,Bassariscus,astutus,Bassaris astuta,Ringtail,LC,3.1,2016,unknown,N
2815,ANIMALIA,CHORDATA,MAMMALIA,CETARTIODACTYLA,BOVIDAE,Bison,bison,,American Bison,NT,3.1,2008,stable,N
41451,ANIMALIA,CHORDATA,MAMMALIA,EULIPOTYPHLA,SORICIDAE,Blarina,brevicauda,,Northern Short-tailed Shrew,LC,3.1,2016,stable,N
41452,ANIMALIA,CHORDATA,MAMMALIA,EULIPOTYPHLA,SORICIDAE,Blarina,carolinensis,,Southern Short-tailed Shrew,LC,3.1,2016,stable,N
41453,ANIMALIA,CHORDATA,MAMMALIA,EULIPOTYPHLA,SORICIDAE,Blarina,hylophaga,,Elliot's Short-tailed Shrew,LC,3.1,2016,stable,N
2963,ANIMALIA,CHORDATA,MAMMALIA,LAGOMORPHA,LEPORIDAE,Brachylagus,idahoensis,Sylvilagus idahoensis  ,Pygmy Rabbit,LC,3.1,2016,unknown,N
42468,ANIMALIA,CHORDATA,MAMMALIA,RODENTIA,SCIURIDAE,Callospermophilus,lateralis,Spermophilus lateralis,"Golden Mantled Ground Squirrel, Green River Basin Golden-mantled Ground Squirrel",LC,3.1,2016,stable,N
42562,ANIMALIA,CHORDATA,MAMMALIA,RODENTIA,SCIURIDAE,Callospermophilus,saturatus,Spermophilus saturatus,Cascade Golden-mantled Ground Squirrel,LC,3.1,2016,stable,N
3745,ANIMALIA,CHORDATA,MAMMALIA,CARNIVORA,CANIDAE,Canis,latrans,,"Coyote, American Jackal, Brush Wolf, Prairie Wolf",LC,3.1,2008,increasing,N
3746,ANIMALIA,CHORDATA,MAMMALIA,CARNIVORA,CANIDAE,Canis,lupus,,"Gray Wolf, Timber Wolf, Arctic Wolf, Grey Wolf, Mexican Wolf, Plains Wolf, Common Wolf, Tundra Wolf, Wolf",LC,3.1,2010,stable,N
3747,ANIMALIA,CHORDATA,MAMMALIA,CARNIVORA,CANIDAE,Canis,rufus,,Red Wolf,CR,3.1,2008,increasing,N
4003,ANIMALIA,CHORDATA,MAMMALIA,RODENTIA,CASTORIDAE,Castor,canadensis,,American Beaver,LC,3.1,2016,stable,N
55997823,ANIMALIA,CHORDATA,MAMMALIA,CETARTIODACTYLA,CERVIDAE,Cervus,canadensis,,"Wapiti, Siberian Wapiti, McNeill's Deer, Merriam's Wapiti, Shou, Izubra/Manchurian Wapiti, Tien Shan Wapiti, Tule Elk, Alashan Wapiti",LC,3.1,2016,increasing,N
4328,ANIMALIA,CHORDATA,MAMMALIA,RODENTIA,HETEROMYIDAE,Chaetodipus,baileyi,,Bailey's Pocket Mouse,LC,3.1,2016,stable,N
4329,ANIMALIA,CHORDATA,MAMMALIA,RODENTIA,HETEROMYIDAE,Chaetodipus,californicus,,California Pocket Mouse,LC,3.1,2016,stable,N
136606,ANIMALIA,CHORDATA,MAMMALIA,RODENTIA,HETEROMYIDAE,Chaetodipus,eremicus,,"Chihuahuan Desert Pocket Mouse, Chihuahuan Pocket Mouse",LC,3.1,2016,unknown,N
4330,ANIMALIA,CHORDATA,MAMMALIA,RODENTIA,HETEROMYIDAE,Chaetodipus,fallax,,San Diego Pocket Mouse,LC,3.1,2016,unknown,N
4331,ANIMALIA,CHORDATA,MAMMALIA,RODENTIA,HETEROMYIDAE,Chaetodipus,formosus,,Long-tailed Pocket Mouse,LC,3.1,2016,stable,N
4333,ANIMALIA,CHORDATA,MAMMALIA,RODENTIA,HETEROMYIDAE,Chaetodipus,hispidus,,Hispid Pocket Mouse,LC,3.1,2016,stable,N
4334,ANIMALIA,CHORDATA,MAMMALIA,RODENTIA,HETEROMYIDAE,Chaetodipus,intermedius,,Rock Pocket Mouse,LC,3.1,2016,stable,N
4335,ANIMALIA,CHORDATA,MAMMALIA,RODENTIA,HETEROMYIDAE,Chaetodipus,nelsoni,,Nelson's Pocket Mouse,LC,3.1,2016,stable,N
4336,ANIMALIA,CHORDATA,MAMMALIA,RODENTIA,HETEROMYIDAE,Chaetodipus,penicillatus,,Desert Pocket Mouse,LC,3.1,2016,stable,N
136837,ANIMALIA,CHORDATA,MAMMALIA,RODENTIA,HETEROMYIDAE,Chaetodipus,rudinoris,,"Baja Pocket Mouse, Baja California Pocket Mouse",LC,3.1,2016,stable,N
4338,ANIMALIA,CHORDATA,MAMMALIA,RODENTIA,HETEROMYIDAE,Chaetodipus,spinatus,,Spiny Pocket Mouse,LC,3.1,2016,unknown,N
4776,ANIMALIA,CHORDATA,MAMMALIA,CHIROPTERA,PHYLLOSTOMIDAE,Choeronycteris,mexicana,,"Mexican Long-tongued Bat, Mexican Long-nosed Bat, Hog-nosed Bat",NT,3.1,2008,unknown,N
41458,ANIMALIA,CHORDATA,MAMMALIA,EULIPOTYPHLA,TALPIDAE,Condylura,cristata,,Star-nosed Mole,LC,3.1,2016,stable,N
41632,ANIMALIA,CHORDATA,MAMMALIA,CARNIVORA,MEPHITIDAE,Conepatus,leuconotus,Conepatus mesoleucus|Conepatus mesoleucus subspecies telmalestes|Mephitis leuconota,"American Hog-nosed Skunk, White-backed Hog-nosed Skunk, Eastern Hog-nosed Skunk",LC,3.1,2016,decreasing,N
17600,ANIMALIA,CHORDATA,MAMMALIA,CHIROPTERA,VESPERTILIONIDAE,Corynorhinus,rafinesquii,Plecotus rafinesquii  ,Rafinesque's Big-eared Bat,LC,3.1,2008,increasing,N
17598,ANIMALIA,CHORDATA,MAMMALIA,CHIROPTERA,VESPERTILIONIDAE,Corynorhinus,townsendii,Plecotus townsendii  ,Townsend's Big-eared Bat,LC,3.1,2008,stable,N
16025,ANIMALIA,CHORDATA,MAMMALIA,RODENTIA,GEOMYIDAE,Cratogeomys,castanops,Pappogeomys castanops  ,Yellow-faced Pocket Gopher,LC,3.1,2016,stable,N
41377,ANIMALIA,CHORDATA,MAMMALIA,EULIPOTYPHLA,SORICIDAE,Cryptotis,parva,,"Least Shrew, North American Least Shrew",LC,3.1,2016,stable,N
42453,ANIMALIA,CHORDATA,MAMMALIA,RODENTIA,SCIURIDAE,Cynomys,gunnisoni,,"Gunnison's Prairie Dog, Ruddy Mongoose",LC,3.1,2016,decreasing,N
42454,ANIMALIA,CHORDATA,MAMMALIA,RODENTIA,SCIURIDAE,Cynomys,leucurus,,White-tailed Prairie Dog,LC,3.1,2016,decreasing,N
6091,ANIMALIA,CHORDATA,MAMMALIA,RODENTIA,SCIURIDAE,Cynomys,ludovicianus,Cynomys ludovicianus subspecies arizonensis|Cynomys ludovicianus subspecies arizonensis,"Arizona Black-tailed Prairie Dog, Black-tailed Prairie Dog",LC,3.1,2016,decreasing,N
6090,ANIMALIA,CHORDATA,MAMMALIA,RODENTIA,SCIURIDAE,Cynomys,parvidens,,Utah Prairie Dog,EN,3.1,2008,decreasing,N
6290,ANIMALIA,CHORDATA,MAMMALIA,CINGULATA,DASYPODIDAE,Dasypus,novemcinctus,,"Nine-banded Armadillo, Common Long-nosed Armadillo",LC,3.1,2014,stable,N
42618,ANIMALIA,CHORDATA,MAMMALIA,RODENTIA,CRICETIDAE,Dicrostonyx,groenlandicus,Dicrostonyx kilangmiutak  |Dicrostonyx rubricatus  ,"Neartic Collared Lemming, Northern Collared Lemming",LC,3.1,2016,unknown,N
42619,ANIMALIA,CHORDATA,MAMMALIA,RODENTIA,CRICETIDAE,Dicrostonyx,hudsonius,,"Ungava Collared Lemming, Labrador Collared Lemming",LC,3.1,2016,stable,N
42620,ANIMALIA,CHORDATA,MAMMALIA,RODENTIA,CRICETIDAE,Dicrostonyx,nelsoni,Dicrostonyx exsul  ,"Nelson's Collared Lemming, Nelson's Collred Lemming, Ungava Collared Lemming",LC,3.1,2016,stable,N
6567,ANIMALIA,CHORDATA,MAMMALIA,RODENTIA,CRICETIDAE,Dicrostonyx,nunatakensis,,Ogilvie Mountains Collared Lemming,LC,3.1,2016,unknown,N
42622,ANIMALIA,CHORDATA,MAMMALIA,RODENTIA,CRICETIDAE,Dicrostonyx,richardsoni,,Richardson's Collared Lemming,LC,3.1,2016,stable,N
39974,ANIMALIA,CHORDATA,MAMMALIA,RODENTIA,CRICETIDAE,Dicrostonyx,unalascensis,Dicrostonyx groenlandicus subspecies unalascensis|Dicrostonyx stevensoni  ,"Umnak Island Collared Lemming, Unalaska Collared Lemming",DD,3.1,2008,unknown,N
40502,ANIMALIA,CHORDATA,MAMMALIA,DIDELPHIMORPHIA,DIDELPHIDAE,Didelphis,virginiana,,Virginia Opossum,LC,3.1,2016,increasing,N
6628,ANIMALIA,CHORDATA,MAMMALIA,CHIROPTERA,PHYLLOSTOMIDAE,Diphylla,ecaudata,,Hairy-legged Vampire Bat,LC,3.1,2016,stable,N
6684,ANIMALIA,CHORDATA,MAMMALIA,RODENTIA,HETEROMYIDAE,Dipodomys,agilis,,Agile Kangaroo Rat,LC,3.1,2016,decreasing,N
42599,ANIMALIA,CHORDATA,MAMMALIA,RODENTIA,HETEROMYIDAE,Dipodomys,californicus,,California Kangaroo Rat,LC,3.1,2016,stable,N
6685,ANIMALIA,CHORDATA,MAMMALIA,RODENTIA,HETEROMYIDAE,Dipodomys,compactus,,Gulf Coast Kangaroo Rat,LC,3.1,2016,stable,N
6686,ANIMALIA,CHORDATA,MAMMALIA,RODENTIA,HETEROMYIDAE,Dipodomys,deserti,,Desert Kangaroo Rat,LC,3.1,2016,stable,N
6675,ANIMALIA,CHORDATA,MAMMALIA,RODENTIA,HETEROMYIDAE,Dipodomys,elator,,Texas Kangaroo Rat,VU,3.1,2008,decreasing,N
42600,ANIMALIA,CHORDATA,MAMMALIA,RODENTIA,HETEROMYIDAE,Dipodomys,heermanni,,"Heermann's Kangaroo Rat, Morro Bay Kangaroo-rat, Morro Bay Kangaroo Rat",LC,3.1,2016,unknown,N
6678,ANIMALIA,CHORDATA,MAMMALIA,RODENTIA,HETEROMYIDAE,Dipodomys,ingens,,Giant Kangaroo Rat,EN,3.1,2008,decreasing,N
92465716,ANIMALIA,CHORDATA,MAMMALIA,RODENTIA,HETEROMYIDAE,Dipodomys,merriami,,Merriam's Kangaroo Rat,LC,3.1,2016,stable,N
42603,ANIMALIA,CHORDATA,MAMMALIA,RODENTIA,HETEROMYIDAE,Dipodomys,microps,,"Chisel-toothed Kangaroo Rat, Houserock Chisel-toothed Kangaroo Rat, House Rock Valley Kangaroo Rat",LC,3.1,2016,stable,N
6683,ANIMALIA,CHORDATA,MAMMALIA,RODENTIA,HETEROMYIDAE,Dipodomys,nitratoides,,"Fresno Kangaroo Rat, San Joaquin Kangaroo Rat",VU,3.1,2008,decreasing,N
6691,ANIMALIA,CHORDATA,MAMMALIA,RODENTIA,HETEROMYIDAE,Dipodomys,ordii,,Ord's Kangaroo Rat,LC,3.1,2016,stable,N
42604,ANIMALIA,CHORDATA,MAMMALIA,RODENTIA,HETEROMYIDAE,Dipodomys,panamintinus,,Panamint Kangaroo Rat,LC,3.1,2016,stable,N
136630,ANIMALIA,CHORDATA,MAMMALIA,RODENTIA,HETEROMYIDAE,Dipodomys,simulans,,Dulzura Kangaroo Rat,LC,3.1,2016,unknown,N
6693,ANIMALIA,CHORDATA,MAMMALIA,RODENTIA,HETEROMYIDAE,Dipodomys,spectabilis,,"Banner-tailed Kangaroo Rat, Phillips's Kangaroo Rat",NT,3.1,2008,decreasing,N
6682,ANIMALIA,CHORDATA,MAMMALIA,RODENTIA,HETEROMYIDAE,Dipodomys,stephensi,,Stephens' Kangaroo Rat,EN,3.1,2008,decreasing,N
42605,ANIMALIA,CHORDATA,MAMMALIA,RODENTIA,HETEROMYIDAE,Dipodomys,venustus,,Narrow-faced Kangaroo Rat,LC,3.1,2016,decreasing,N
2130,ANIMALIA,CHORDATA,MAMMALIA,CHIROPTERA,PHYLLOSTOMIDAE,Enchisthenes,hartii,Artibeus hartii  ,Velvety Fruit-eating Bat,LC,3.1,2008,unknown,N
7750,ANIMALIA,CHORDATA,MAMMALIA,CARNIVORA,MUSTELIDAE,Enhydra,lutris,Mustela lutra,Sea Otter,EN,3.1,2015,decreasing,N
7928,ANIMALIA,CHORDATA,MAMMALIA,CHIROPTERA,VESPERTILIONIDAE,Eptesicus,fuscus,,Big Brown Bat,LC,3.1,2016,increasing,N
8004,ANIMALIA,CHORDATA,MAMMALIA,RODENTIA,ERETHIZONTIDAE,Erethizon,dorsatum,,North American Porcupine,LC,3.1,2016,stable,N
8166,ANIMALIA,CHORDATA,MAMMALIA,CHIROPTERA,VESPERTILIONIDAE,Euderma,maculatum,,Spotted Bat,LC,3.1,2008,stable,N
136433,ANIMALIA,CHORDATA,MAMMALIA,CHIROPTERA,MOLOSSIDAE,Eumops,floridanus,,Florida Bonneted Bat,VU,3.1,2016,decreasing,N
8247,ANIMALIA,CHORDATA,MAMMALIA,CHIROPTERA,MOLOSSIDAE,Eumops,perotis,,"Western Mastiff Bat, Western Bonneted Bat, Greater Bonneted Bat",LC,3.1,2015,decreasing,N
8248,ANIMALIA,CHORDATA,MAMMALIA,CHIROPTERA,MOLOSSIDAE,Eumops,underwoodi,,Underwood's Bonneted Bat,LC,3.1,2016,unknown,N
9054,ANIMALIA,CHORDATA,MAMMALIA,RODENTIA,GEOMYIDAE,Geomys,arenarius,,Desert Pocket Gopher,NT,3.1,2008,unknown,N
136380,ANIMALIA,CHORDATA,MAMMALIA,RODENTIA,GEOMYIDAE,Geomys,attwateri,Geomys bursarius subspecies attwateri,Attwater's Pocket Gopher,LC,3.1,2016,stable,N
136840,ANIMALIA,CHORDATA,MAMMALIA,RODENTIA,GEOMYIDAE,Geomys,breviceps,Geomys breviceps subspecies sagittalis|Geomys bursarius subspecies breviceps,Baird's Pocket Gopher,LC,3.1,2016,stable,N
42588,ANIMALIA,CHORDATA,MAMMALIA,RODENTIA,GEOMYIDAE,Geomys,bursarius,Geomys bursarius subspecies lutescens|Geomys bursarius subspecies major|Geomys bursarius subspecies ozarkensis,Plains Pocket Gopher,LC,3.1,2016,stable,N
136258,ANIMALIA,CHORDATA,MAMMALIA,RODENTIA,GEOMYIDAE,Geomys,knoxjonesi,,Knox Jones's Pocket Gopher,LC,3.1,2016,unknown,N
9055,ANIMALIA,CHORDATA,MAMMALIA,RODENTIA,GEOMYIDAE,Geomys,personatus,,Texas Pocket Gopher,LC,3.1,2016,unknown,N
42589,ANIMALIA,CHORDATA,MAMMALIA,RODENTIA,GEOMYIDAE,Geomys,pinetis,,"Cumberland Island Pocket Gopher, Southeastern Pocket Gopher",LC,3.1,2016,unknown,N
9062,ANIMALIA,CHORDATA,MAMMALIA,RODENTIA,GEOMYIDAE,Geomys,texensis,,"Central Texas Pocket Gopher, Llano Pocket Gopher",LC,3.1,2016,unknown,N
39553,ANIMALIA,CHORDATA,MAMMALIA,RODENTIA,SCIURIDAE,Glaucomys,sabrinus,,"Carolina Flying Squirrel, Northern Flying Squirrel",LC,3.1,2016,stable,N
9240,ANIMALIA,CHORDATA,MAMMALIA,RODENTIA,SCIURIDAE,Glaucomys,volans,,"Mexican Flying Squirrel, Southern Flying Squirrel",LC,3.1,2016,stable,N
9561,ANIMALIA,CHORDATA,MAMMALIA,CARNIVORA,MUSTELIDAE,Gulo,gulo,Gulo luscus|Mustela gulo,Wolverine,LC,3.1,2016,decreasing,N
9948,ANIMALIA,CHORDATA,MAMMALIA,CARNIVORA,FELIDAE,Herpailurus,yagouaroundi,Felis yagouaroundi|Herpailurus yagouaroundi|Puma yagouaroundi,"Jaguarundi, Eyra Cat",LC,3.1,2015,decreasing,N
12074,ANIMALIA,CHORDATA,MAMMALIA,RODENTIA,HETEROMYIDAE,Heteromys,irroratus,Liomys irroratus,Mexican Spiny Pocket Mouse,LC,3.1,2016,stable,N
136584,ANIMALIA,CHORDATA,MAMMALIA,PRIMATES,HOMINIDAE,Homo,sapiens,,Human,LC,3.1,2008,increasing,N
20487,ANIMALIA,CHORDATA,MAMMALIA,RODENTIA,SCIURIDAE,Ictidomys,mexicanus,Spermophilus mexicanus,Mexican Ground Squirrel,LC,3.1,2016,stable,N
42564,ANIMALIA,CHORDATA,MAMMALIA,RODENTIA,SCIURIDAE,Ictidomys,tridecemlineatus,Spermophilus tridecemlineatus,"Thirteen-lined Ground Squirrel, Big Horn Thirteen-lined Ground Squirrel",LC,3.1,2016,stable,N
10790,ANIMALIA,CHORDATA,MAMMALIA,CHIROPTERA,VESPERTILIONIDAE,Idionycteris,phyllotis,,Allen's Big-eared Bat,LC,3.1,2008,stable,N
11339,ANIMALIA,CHORDATA,MAMMALIA,CHIROPTERA,VESPERTILIONIDAE,Lasionycteris,noctivagans,,Silver-haired Bat,LC,3.1,2008,stable,N
88151055,ANIMALIA,CHORDATA,MAMMALIA,CHIROPTERA,VESPERTILIONIDAE,Lasiurus,blossevillii,Vespertilio blossevillii,Southern Red Bat,LC,3.1,2016,unknown,N
11347,ANIMALIA,CHORDATA,MAMMALIA,CHIROPTERA,VESPERTILIONIDAE,Lasiurus,borealis,,"Eastern Red Bat, Red Bat",LC,3.1,2016,stable,N
11345,ANIMALIA,CHORDATA,MAMMALIA,CHIROPTERA,VESPERTILIONIDAE,Lasiurus,cinereus,,"Hoary Bat, Hawaiian Hoary Bat",LC,3.1,2016,unknown,N
11350,ANIMALIA,CHORDATA,MAMMALIA,CHIROPTERA,VESPERTILIONIDAE,Lasiurus,ega,,Southern Yellow Bat,LC,3.1,2016,unknown,N
11352,ANIMALIA,CHORDATA,MAMMALIA,CHIROPTERA,VESPERTILIONIDAE,Lasiurus,intermedius,,Northern Yellow Bat,LC,3.1,2016,unknown,N
11353,ANIMALIA,CHORDATA,MAMMALIA,CHIROPTERA,VESPERTILIONIDAE,Lasiurus,seminolus,,Seminole Bat,LC,3.1,2008,unknown,N
41532,ANIMALIA,CHORDATA,MAMMALIA,CHIROPTERA,VESPERTILIONIDAE,Lasiurus,xanthinus,,Western Yellow Bat,LC,3.1,2008,stable,N
42624,ANIMALIA,CHORDATA,MAMMALIA,RODENTIA,CRICETIDAE,Lemmiscus,curtatus,Lagurus curtatus  ,Sagebrush Vole,LC,3.1,2016,stable,N
136712,ANIMALIA,CHORDATA,MAMMALIA,RODENTIA,CRICETIDAE,Lemmus,trimucronatus,,Brown Lemming,LC,3.1,2016,stable,N
11509,ANIMALIA,CHORDATA,MAMMALIA,CARNIVORA,FELIDAE,Leopardus,pardalis,,Ocelot,LC,3.1,2015,decreasing,N
11697,ANIMALIA,CHORDATA,MAMMALIA,CHIROPTERA,PHYLLOSTOMIDAE,Leptonycteris,nivalis,Ischnoglossa nivalis,"Greater Long-nosed Bat, Mexican Long-nosed Bat",EN,3.1,2016,decreasing,N
136659,ANIMALIA,CHORDATA,MAMMALIA,CHIROPTERA,PHYLLOSTOMIDAE,Leptonycteris,yerbabuenae,,Lesser Long-nosed Bat,NT,3.1,2016,decreasing,N
41272,ANIMALIA,CHORDATA,MAMMALIA,LAGOMORPHA,LEPORIDAE,Lepus,alleni,,Antelope Jackrabbit,LC,3.1,2008,stable,N
41273,ANIMALIA,CHORDATA,MAMMALIA,LAGOMORPHA,LEPORIDAE,Lepus,americanus,,"Snowshoe Hare, Snowshoe Rabbit, Varying Hare",LC,3.1,2008,stable,N
41274,ANIMALIA,CHORDATA,MAMMALIA,LAGOMORPHA,LEPORIDAE,Lepus,arcticus,,Arctic Hare,LC,3.1,2008,unknown,N
41276,ANIMALIA,CHORDATA,MAMMALIA,LAGOMORPHA,LEPORIDAE,Lepus,californicus,,Black-tailed Jackrabbit,LC,3.1,2008,stable,N
11792,ANIMALIA,CHORDATA,MAMMALIA,LAGOMORPHA,LEPORIDAE,Lepus,callotis,,White-sided Jackrabbit,NT,3.1,2008,decreasing,N
11795,ANIMALIA,CHORDATA,MAMMALIA,LAGOMORPHA,LEPORIDAE,Lepus,othus,,Alaskan Hare,LC,3.1,2008,unknown,N
41288,ANIMALIA,CHORDATA,MAMMALIA,LAGOMORPHA,LEPORIDAE,Lepus,townsendii,,White-tailed Jackrabbit,LC,3.1,2008,decreasing,N
12302,ANIMALIA,CHORDATA,MAMMALIA,CARNIVORA,MUSTELIDAE,Lontra,canadensis,Lutra canadensis,"North American River Otter, Northern River Otter, North American Otter",LC,3.1,2015,stable,N
12518,ANIMALIA,CHORDATA,MAMMALIA,CARNIVORA,FELIDAE,Lynx,canadensis,,"Canada Lynx, American Lynx",LC,3.1,2016,stable,N
12521,ANIMALIA,CHORDATA,MAMMALIA,CARNIVORA,FELIDAE,Lynx,rufus,,"Bobcat, Bay Lynx",LC,3.1,2016,stable,N
12652,ANIMALIA,CHORDATA,MAMMALIA,CHIROPTERA,PHYLLOSTOMIDAE,Macrotus,californicus,,"California Leaf-nosed Bat, Californian Leaf-nosed Bat",LC,3.1,2008,stable,N
42455,ANIMALIA,CHORDATA,MAMMALIA,RODENTIA,SCIURIDAE,Marmota,broweri,,Alaska Marmot,LC,3.1,2016,stable,N
42456,ANIMALIA,CHORDATA,MAMMALIA,RODENTIA,SCIURIDAE,Marmota,caligata,,"Hoary Marmot, Montague Island Hoary Marmot",LC,3.1,2016,stable,N
42457,ANIMALIA,CHORDATA,MAMMALIA,RODENTIA,SCIURIDAE,Marmota,flaviventris,,Yellow-bellied Marmot,LC,3.1,2016,stable,N
42458,ANIMALIA,CHORDATA,MAMMALIA,RODENTIA,SCIURIDAE,Marmota,monax,,Woodchuck,LC,3.1,2016,stable,N
42459,ANIMALIA,CHORDATA,MAMMALIA,RODENTIA,SCIURIDAE,Marmota,olympus,,Olympic Marmot,LC,3.1,2016,decreasing,N
12828,ANIMALIA,CHORDATA,MAMMALIA,RODENTIA,SCIURIDAE,Marmota,vancouverensis,,"Vancouver Island Marmot, Chinese Ferret Badger, Vancouver Marmot",CR,3.1,2013,decreasing,N
41648,ANIMALIA,CHORDATA,MAMMALIA,CARNIVORA,MUSTELIDAE,Martes,americana,Martes caurina,"American Marten, American Pine Marten",LC,3.1,2016,decreasing,N
41651,ANIMALIA,CHORDATA,MAMMALIA,CARNIVORA,MUSTELIDAE,Martes,pennanti,,Fisher,LC,3.1,2016,unknown,N
41634,ANIMALIA,CHORDATA,MAMMALIA,CARNIVORA,MEPHITIDAE,Mephitis,macroura,,Hooded Skunk,LC,3.1,2016,increasing,N
41635,ANIMALIA,CHORDATA,MAMMALIA,CARNIVORA,MEPHITIDAE,Mephitis,mephitis,,Striped Skunk,LC,3.1,2016,stable,N
42606,ANIMALIA,CHORDATA,MAMMALIA,RODENTIA,HETEROMYIDAE,Microdipodops,megacephalus,,"Dark Kangaroo Mouse, Owyhee River Kangaroo Mouse",LC,3.1,2016,decreasing,N
42607,ANIMALIA,CHORDATA,MAMMALIA,RODENTIA,HETEROMYIDAE,Microdipodops,pallidus,,"Pale Kangaroo Mouse, Soda Spring Valley Kangaroo Mouse",LC,3.1,2016,decreasing,N
13425,ANIMALIA,CHORDATA,MAMMALIA,RODENTIA,CRICETIDAE,Microtus,abbreviatus,,Insular Vole,LC,3.1,2016,stable,N
13417,ANIMALIA,CHORDATA,MAMMALIA,RODENTIA,CRICETIDAE,Microtus,breweri,,Beach Vole,VU,3.1,2008,stable,N
13427,ANIMALIA,CHORDATA,MAMMALIA,RODENTIA,CRICETIDAE,Microtus,californicus,,"Amargosa Vole, California Vole",LC,3.1,2016,stable,N
42625,ANIMALIA,CHORDATA,MAMMALIA,RODENTIA,CRICETIDAE,Microtus,canicaudus,,Gray-tailed Vole,LC,3.1,2016,stable,N
42626,ANIMALIA,CHORDATA,MAMMALIA,RODENTIA,CRICETIDAE,Microtus,chrotorrhinus,,"Rock Vole, Southern Rock Vole",LC,3.1,2016,decreasing,N
42627,ANIMALIA,CHORDATA,MAMMALIA,RODENTIA,CRICETIDAE,Microtus,longicaudus,,"Long-tailed Vole, San Bernardino Long-tailed Vole",LC,3.1,2016,stable,N
13443,ANIMALIA,CHORDATA,MAMMALIA,RODENTIA,CRICETIDAE,Microtus,mexicanus,Microtus mogollonensis  ,Mexican Vole,LC,3.1,2016,unknown,N
42629,ANIMALIA,CHORDATA,MAMMALIA,RODENTIA,CRICETIDAE,Microtus,miurus,,Singing Vole,LC,3.1,2016,stable,N
42630,ANIMALIA,CHORDATA,MAMMALIA,RODENTIA,CRICETIDAE,Microtus,montanus,,"Montane Vole, Pahranagat Valley Montane Vole",LC,3.1,2016,stable,N
42631,ANIMALIA,CHORDATA,MAMMALIA,RODENTIA,CRICETIDAE,Microtus,ochrogaster,,Prairie Vole,LC,3.1,2016,stable,N
13451,ANIMALIA,CHORDATA,MAMMALIA,RODENTIA,CRICETIDAE,Microtus,oeconomus,,"Root Vole, Tundra Vole",LC,3.1,2016,stable,N
42632,ANIMALIA,CHORDATA,MAMMALIA,RODENTIA,CRICETIDAE,Microtus,oregoni,,Creeping Vole,LC,3.1,2016,stable,N
13452,ANIMALIA,CHORDATA,MAMMALIA,RODENTIA,CRICETIDAE,Microtus,pennsylvanicus,,"Chihuahua Vole, Meadow Vole",LC,3.1,2016,stable,N
42633,ANIMALIA,CHORDATA,MAMMALIA,RODENTIA,CRICETIDAE,Microtus,pinetorum,,Woodland Vole,LC,3.1,2016,stable,N
42634,ANIMALIA,CHORDATA,MAMMALIA,RODENTIA,CRICETIDAE,Microtus,richardsoni,,Water Vole,LC,3.1,2016,stable,N
13487,ANIMALIA,CHORDATA,MAMMALIA,RODENTIA,CRICETIDAE,Microtus,townsendii,,"Townsend's Vole, Triangle Island Vole",LC,3.1,2016,stable,N
42628,ANIMALIA,CHORDATA,MAMMALIA,RODENTIA,CRICETIDAE,Microtus,xanthognathus,,Taiga Vole,LC,3.1,2016,stable,N
13648,ANIMALIA,CHORDATA,MAMMALIA,CHIROPTERA,MOLOSSIDAE,Molossus,molossus,,Pallas's Mastiff Bat,LC,3.1,2015,unknown,N
13878,ANIMALIA,CHORDATA,MAMMALIA,CHIROPTERA,MORMOOPIDAE,Mormoops,megalophylla,,"Ghost-faced Bat, Peters's Ghost-faced Bat",LC,3.1,2008,decreasing,N
29674,ANIMALIA,CHORDATA,MAMMALIA,CARNIVORA,MUSTELIDAE,Mustela,erminea,,"Stoat, Ermine, Short-tailed Weasel",LC,3.1,2016,stable,N
41654,ANIMALIA,CHORDATA,MAMMALIA,CARNIVORA,MUSTELIDAE,Mustela,frenata,,Long-tailed Weasel,LC,3.1,2016,stable,N
14020,ANIMALIA,CHORDATA,MAMMALIA,CARNIVORA,MUSTELIDAE,Mustela,nigripes,,Black-footed Ferret,EN,3.1,2015,decreasing,N
70207409,ANIMALIA,CHORDATA,MAMMALIA,CARNIVORA,MUSTELIDAE,Mustela,nivalis,,"Least Weasel, Weasel",LC,3.1,2016,stable,N
42616,ANIMALIA,CHORDATA,MAMMALIA,RODENTIA,CRICETIDAE,Myodes,californicus,Clethrionomys californicus  ,Western Red-backed Vole,LC,3.1,2016,stable,N
42617,ANIMALIA,CHORDATA,MAMMALIA,RODENTIA,CRICETIDAE,Myodes,gapperi,Clethrionomys gapperi subspecies solus,"Southern Red-backed Vole, Revillagigedo Island Red-backed Vole",LC,3.1,2016,stable,N
4975,ANIMALIA,CHORDATA,MAMMALIA,RODENTIA,CRICETIDAE,Myodes,rutilus,Clethrionomys rutilus  ,"Northern Red-backed Vole, Red Vole, RED VOLE",LC,3.1,2016,unknown,N
14145,ANIMALIA,CHORDATA,MAMMALIA,CHIROPTERA,VESPERTILIONIDAE,Myotis,auriculus,,Southwestern Myotis,LC,3.1,2008,unknown,N
14147,ANIMALIA,CHORDATA,MAMMALIA,CHIROPTERA,VESPERTILIONIDAE,Myotis,austroriparius,,Southeastern Myotis,LC,3.1,2008,stable,N
14150,ANIMALIA,CHORDATA,MAMMALIA,CHIROPTERA,VESPERTILIONIDAE,Myotis,californicus,,"California Myotis, Californian Myotis",LC,3.1,2008,unknown,N
14153,ANIMALIA,CHORDATA,MAMMALIA,CHIROPTERA,VESPERTILIONIDAE,Myotis,ciliolabrum,,Western Small-footed Myotis,LC,3.1,2008,stable,N
14157,ANIMALIA,CHORDATA,MAMMALIA,CHIROPTERA,VESPERTILIONIDAE,Myotis,evotis,Myotis milleri  ,Long-eared Myotis,LC,3.1,2008,stable,N
14132,ANIMALIA,CHORDATA,MAMMALIA,CHIROPTERA,VESPERTILIONIDAE,Myotis,grisescens,,"Gray Myotis, Grey Bat",NT,3.1,2008,increasing,N
14171,ANIMALIA,CHORDATA,MAMMALIA,CHIROPTERA,VESPERTILIONIDAE,Myotis,keenii,,Keen's Myotis,LC,3.1,2008,stable,N
14172,ANIMALIA,CHORDATA,MAMMALIA,CHIROPTERA,VESPERTILIONIDAE,Myotis,leibii,,Eastern Small-footed Myotis,LC,3.1,2008,stable,N
14176,ANIMALIA,CHORDATA,MAMMALIA,CHIROPTERA,VESPERTILIONIDAE,Myotis,lucifugus,,"Little Brown Bat, Little Brown Myotis",LC,3.1,2008,stable,N
136784,ANIMALIA,CHORDATA,MAMMALIA,CHIROPTERA,VESPERTILIONIDAE,Myotis,melanorhinus,,Dark-nosed Small-footed Myotis,LC,3.1,2008,stable,N
136650,ANIMALIA,CHORDATA,MAMMALIA,CHIROPTERA,VESPERTILIONIDAE,Myotis,occultus,,Arizona Myotis,LC,3.1,2008,stable,N
14201,ANIMALIA,CHORDATA,MAMMALIA,CHIROPTERA,VESPERTILIONIDAE,Myotis,septentrionalis,,Northern Myotis,LC,3.1,2008,stable,N
14136,ANIMALIA,CHORDATA,MAMMALIA,CHIROPTERA,VESPERTILIONIDAE,Myotis,sodalis,,"Indiana Bat, Indiana Myotis, Social Bat",NT,3.1,2016,stable,N
14206,ANIMALIA,CHORDATA,MAMMALIA,CHIROPTERA,VESPERTILIONIDAE,Myotis,thysanodes,,Fringed Myotis,LC,3.1,2008,stable,N
14208,ANIMALIA,CHORDATA,MAMMALIA,CHIROPTERA,VESPERTILIONIDAE,Myotis,velifer,,Cave Myotis,LC,3.1,2008,stable,N
14210,ANIMALIA,CHORDATA,MAMMALIA,CHIROPTERA,VESPERTILIONIDAE,Myotis,volans,,Long-legged Myotis,LC,3.1,2008,stable,N
14213,ANIMALIA,CHORDATA,MAMMALIA,CHIROPTERA,VESPERTILIONIDAE,Myotis,yumanensis,,Yuma Myotis,LC,3.1,2008,stable,N
42612,ANIMALIA,CHORDATA,MAMMALIA,RODENTIA,DIPODIDAE,Napaeozapus,insignis,,Woodland Jumping Mouse,LC,3.1,2016,stable,N
41683,ANIMALIA,CHORDATA,MAMMALIA,CARNIVORA,PROCYONIDAE,Nasua,narica,Nasua nelsoni  |Viverra narica,"White-nosed Coati, Coatimundi",LC,3.1,2016,decreasing,N
14520,ANIMALIA,CHORDATA,MAMMALIA,RODENTIA,CRICETIDAE,Neofiber,alleni,,Round-tailed Muskrat,LC,3.1,2016,decreasing,N
42568,ANIMALIA,CHORDATA,MAMMALIA,RODENTIA,SCIURIDAE,Neotamias,alpinus,Tamias alpinus,Alpine Chipmunk,LC,3.1,2016,stable,N
42569,ANIMALIA,CHORDATA,MAMMALIA,RODENTIA,SCIURIDAE,Neotamias,amoenus,Tamias amoenus,Yellow-pine Chipmunk,LC,3.1,2016,stable,N
21364,ANIMALIA,CHORDATA,MAMMALIA,RODENTIA,SCIURIDAE,Neotamias,canipes,Eutamias cinereicollis subspecies canipes|Tamias canipes,Gray-footed Chipmunk,LC,3.1,2016,stable,N
42570,ANIMALIA,CHORDATA,MAMMALIA,RODENTIA,SCIURIDAE,Neotamias,cinereicollis,Tamias cinereicollis,Gray-collared Chipmunk,LC,3.1,2016,stable,N
42571,ANIMALIA,CHORDATA,MAMMALIA,RODENTIA,SCIURIDAE,Neotamias,dorsalis,Tamias dorsalis,"Gray-collared Chipmunk, Cliff Chipmunk",LC,3.1,2016,stable,N
21358,ANIMALIA,CHORDATA,MAMMALIA,RODENTIA,SCIURIDAE,Neotamias,merriami,Tamias merriami,Merriam's Chipmunk,LC,3.1,2016,stable,N
42572,ANIMALIA,CHORDATA,MAMMALIA,RODENTIA,SCIURIDAE,Neotamias,minimus,Tamias minimus,"Least Chipmunk, Pe_asco Least Chipmunk, New Mexico Least Chipmunk, Selkirk Least Chipmunk",LC,3.1,2016,stable,N
21359,ANIMALIA,CHORDATA,MAMMALIA,RODENTIA,SCIURIDAE,Neotamias,obscurus,Tamias obscurus,"California Chipmunk, Chaparral Chipmunk",LC,3.1,2016,stable,N
42573,ANIMALIA,CHORDATA,MAMMALIA,RODENTIA,SCIURIDAE,Neotamias,ochrogenys,Eutamias townsendii subspecies ochrogenys|Tamias ochrogenys,Yellow-cheeked Chipmunk,LC,3.1,2016,stable,N
21355,ANIMALIA,CHORDATA,MAMMALIA,RODENTIA,SCIURIDAE,Neotamias,palmeri,Eutamias palmeri|Tamias palmeri,Palmer's Chipmunk,EN,3.1,2016,decreasing,N
42574,ANIMALIA,CHORDATA,MAMMALIA,RODENTIA,SCIURIDAE,Neotamias,panamintinus,Tamias panamintinus,Panamint Chipmunk,LC,3.1,2016,stable,N
42575,ANIMALIA,CHORDATA,MAMMALIA,RODENTIA,SCIURIDAE,Neotamias,quadrimaculatus,Tamias quadrimaculatus,Long-eared Chipmunk,LC,3.1,2016,stable,N
42576,ANIMALIA,CHORDATA,MAMMALIA,RODENTIA,SCIURIDAE,Neotamias,quadrivittatus,Sciurus quadrivittatus|Tamias quadrivittatus,"Colorado Chipmunk, Organ Mountains Chipmunk",LC,3.1,2016,stable,N
42577,ANIMALIA,CHORDATA,MAMMALIA,RODENTIA,SCIURIDAE,Neotamias,ruficaudus,Eutamias ruficaudus|Tamias ruficaudus,Red-tailed Chipmunk,LC,3.1,2016,stable,N
42578,ANIMALIA,CHORDATA,MAMMALIA,RODENTIA,SCIURIDAE,Neotamias,rufus,Eutamias quadrivittatus subspecies rufus|Tamias rufus,Hopi Chipmunk,LC,3.1,2016,stable,N
42579,ANIMALIA,CHORDATA,MAMMALIA,RODENTIA,SCIURIDAE,Neotamias,senex,Tamias senex,"Shadow Chipmunk, Allen's Chipmunk",LC,3.1,2016,stable,N
42580,ANIMALIA,CHORDATA,MAMMALIA,RODENTIA,SCIURIDAE,Neotamias,siskiyou,Eutamias townsendii subspecies siskiyou|Tamias siskiyou,Siskiyou Chipmunk,LC,3.1,2016,stable,N
42581,ANIMALIA,CHORDATA,MAMMALIA,RODENTIA,SCIURIDAE,Neotamias,sonomae,Eutamias sonomae|Tamias sonomae,Sonoma Chipmunk,LC,3.1,2016,stable,N
42582,ANIMALIA,CHORDATA,MAMMALIA,RODENTIA,SCIURIDAE,Neotamias,speciosus,Tamias speciosus,Lodgepole Chipmunk,LC,3.1,2016,stable,N
42584,ANIMALIA,CHORDATA,MAMMALIA,RODENTIA,SCIURIDAE,Neotamias,townsendii,Tamias townsendii,Townsend's Chipmunk,LC,3.1,2016,stable,N
42585,ANIMALIA,CHORDATA,MAMMALIA,RODENTIA,SCIURIDAE,Neotamias,umbrinus,Tamias umbrinus,"Uinta Chipmunk, Hidden Forest Chipmunk",LC,3.1,2016,stable,N
14582,ANIMALIA,CHORDATA,MAMMALIA,RODENTIA,CRICETIDAE,Neotoma,albigula,Neotoma varia  ,White-throated Woodrat,LC,3.1,2016,stable,N
42673,ANIMALIA,CHORDATA,MAMMALIA,RODENTIA,CRICETIDAE,Neotoma,cinerea,,"Bushy-tailed Woodrat, Packrat, Bushy-talied Woodrat, Woodrat",LC,3.1,2016,stable,N
14586,ANIMALIA,CHORDATA,MAMMALIA,RODENTIA,CRICETIDAE,Neotoma,devia,,Arizona Woodrat,LC,3.1,2016,stable,N
42650,ANIMALIA,CHORDATA,MAMMALIA,RODENTIA,CRICETIDAE,Neotoma,floridana,,"Eastern Woodrat, Key Largo Woodrat",LC,3.1,2016,decreasing,N
14587,ANIMALIA,CHORDATA,MAMMALIA,RODENTIA,CRICETIDAE,Neotoma,fuscipes,,"Dusky-footed Woodrat, San Joaquin Valley Woodrat",LC,3.1,2016,stable,N
14589,ANIMALIA,CHORDATA,MAMMALIA,RODENTIA,CRICETIDAE,Neotoma,lepida,,Desert Woodrat,LC,3.1,2016,stable,N
136793,ANIMALIA,CHORDATA,MAMMALIA,RODENTIA,CRICETIDAE,Neotoma,leucodon,,White-toothed Woodrat,LC,3.1,2016,stable,N
14597,ANIMALIA,CHORDATA,MAMMALIA,RODENTIA,CRICETIDAE,Neotoma,macrotis,Neotoma fuscipes subspecies luciana,"Big-eared Woodrat, Large-eared Woodrat",LC,3.1,2016,unknown,N
14581,ANIMALIA,CHORDATA,MAMMALIA,RODENTIA,CRICETIDAE,Neotoma,magister,,"Allegheny Woodrat, Appalacian Woodrat",NT,3.1,2008,decreasing,N
14590,ANIMALIA,CHORDATA,MAMMALIA,RODENTIA,CRICETIDAE,Neotoma,mexicana,,Mexican Woodrat,LC,3.1,2016,stable,N
14591,ANIMALIA,CHORDATA,MAMMALIA,RODENTIA,CRICETIDAE,Neotoma,micropus,,Southern Plains Woodrat,LC,3.1,2016,stable,N
42651,ANIMALIA,CHORDATA,MAMMALIA,RODENTIA,CRICETIDAE,Neotoma,stephensi,,Stephen's Woodrat,LC,3.1,2016,stable,N
40784,ANIMALIA,CHORDATA,MAMMALIA,CARNIVORA,MUSTELIDAE,Neovison,macrodon,Mustela macrodon  ,Sea Mink,EX,3.1,2016,,N
41661,ANIMALIA,CHORDATA,MAMMALIA,CARNIVORA,MUSTELIDAE,Neovison,vison,Mustela vison  ,American Mink,LC,3.1,2016,stable,N
41468,ANIMALIA,CHORDATA,MAMMALIA,EULIPOTYPHLA,TALPIDAE,Neurotrichus,gibbsii,,"Shrew-mole, American Shrew Mole, American Shrew-mole",LC,3.1,2016,stable,N
136666,ANIMALIA,CHORDATA,MAMMALIA,EULIPOTYPHLA,SORICIDAE,Notiosorex,cockrumi,,Cockrum's Grey Shrew,LC,3.1,2008,stable,N
41456,ANIMALIA,CHORDATA,MAMMALIA,EULIPOTYPHLA,SORICIDAE,Notiosorex,crawfordi,,Desert Shrew,LC,3.1,2016,stable,N
14944,ANIMALIA,CHORDATA,MAMMALIA,CHIROPTERA,VESPERTILIONIDAE,Nycticeius,humeralis,,Evening Bat,LC,3.1,2008,stable,N
14994,ANIMALIA,CHORDATA,MAMMALIA,CHIROPTERA,MOLOSSIDAE,Nyctinomops,femorosaccus,,Pocketed Free-tailed Bat,LC,3.1,2015,stable,N
14996,ANIMALIA,CHORDATA,MAMMALIA,CHIROPTERA,MOLOSSIDAE,Nyctinomops,macrotis,,Big Free-tailed Bat,LC,3.1,2015,unknown,N
41257,ANIMALIA,CHORDATA,MAMMALIA,LAGOMORPHA,OCHOTONIDAE,Ochotona,collaris,,Collared Pika,LC,3.1,2016,unknown,N
41267,ANIMALIA,CHORDATA,MAMMALIA,LAGOMORPHA,OCHOTONIDAE,Ochotona,princeps,,"American Pika, Little Chief Hare, Cony, Rock Rabbit, Whistling Hare",LC,3.1,2016,decreasing,N
42674,ANIMALIA,CHORDATA,MAMMALIA,RODENTIA,CRICETIDAE,Ochrotomys,nuttalli,,Golden Mouse,LC,3.1,2016,stable,N
42393,ANIMALIA,CHORDATA,MAMMALIA,CETARTIODACTYLA,CERVIDAE,Odocoileus,hemionus,,"Mule Deer, Black-tailed Deer, Cedros Island Mule Deer, Cedros Island Black-tailed Deer",LC,3.1,2016,stable,N
42394,ANIMALIA,CHORDATA,MAMMALIA,CETARTIODACTYLA,CERVIDAE,Odocoileus,virginianus,,"White-tailed Deer, Key Deer, Key Deer Toy Deer",LC,3.1,2016,stable,N
15324,ANIMALIA,CHORDATA,MAMMALIA,RODENTIA,CRICETIDAE,Ondatra,zibethicus,Castor zibethicus  ,Muskrat,LC,3.1,2016,stable,N
15337,ANIMALIA,CHORDATA,MAMMALIA,RODENTIA,CRICETIDAE,Onychomys,arenicola,,"Chihuahuan Grasshopper Mouse, Mearns's Grasshopper Mouse",LC,3.1,2016,stable,N
15338,ANIMALIA,CHORDATA,MAMMALIA,RODENTIA,CRICETIDAE,Onychomys,leucogaster,,Northern Grasshopper Mouse,LC,3.1,2016,stable,N
15339,ANIMALIA,CHORDATA,MAMMALIA,RODENTIA,CRICETIDAE,Onychomys,torridus,,Southern Grasshopper Mouse,LC,3.1,2016,stable,N
42680,ANIMALIA,CHORDATA,MAMMALIA,CETARTIODACTYLA,BOVIDAE,Oreamnos,americanus,,"Mountain Goat, Rocky Mountain Goat",LC,3.1,2008,stable,N
15592,ANIMALIA,CHORDATA,MAMMALIA,RODENTIA,CRICETIDAE,Oryzomys,couesi,,Coues's Rice Rat,LC,3.1,2016,unknown,N
42675,ANIMALIA,CHORDATA,MAMMALIA,RODENTIA,CRICETIDAE,Oryzomys,palustris,,Marsh Rice Rat,LC,3.1,2016,stable,N
20481,ANIMALIA,CHORDATA,MAMMALIA,RODENTIA,SCIURIDAE,Otospermophilus,beecheyi,Spermophilus beecheyi,California Ground Squirrel,LC,3.1,2016,stable,N
20495,ANIMALIA,CHORDATA,MAMMALIA,RODENTIA,SCIURIDAE,Otospermophilus,variegatus,Spermophilus variegatus,Rock Squirrel,LC,3.1,2016,stable,N
29684,ANIMALIA,CHORDATA,MAMMALIA,CETARTIODACTYLA,BOVIDAE,Ovibos,moschatus,,"Muskox, Musk Ox",LC,3.1,2008,stable,N
15735,ANIMALIA,CHORDATA,MAMMALIA,CETARTIODACTYLA,BOVIDAE,Ovis,canadensis,,"Bighorn Sheep, Mountain Sheep",LC,3.1,2008,stable,N
39250,ANIMALIA,CHORDATA,MAMMALIA,CETARTIODACTYLA,BOVIDAE,Ovis,dalli,,"Thinhorn Sheep, Dall's Sheep",LC,3.1,2008,stable,N
15953,ANIMALIA,CHORDATA,MAMMALIA,CARNIVORA,FELIDAE,Panthera,onca,Felis onca,Jaguar,NT,3.1,2008,decreasing,N
41469,ANIMALIA,CHORDATA,MAMMALIA,EULIPOTYPHLA,TALPIDAE,Parascalops,breweri,,Hairy-tailed Mole,LC,3.1,2016,stable,N
41777,ANIMALIA,CHORDATA,MAMMALIA,CETARTIODACTYLA,TAYASSUIDAE,Pecari,tajacu,Pecari maximus  ,Collared Peccary,LC,3.1,2011,stable,N
16631,ANIMALIA,CHORDATA,MAMMALIA,RODENTIA,HETEROMYIDAE,Perognathus,alticola,Perognathus alticolus,White-eared Pocket Mouse,EN,3.1,2008,decreasing,N
16633,ANIMALIA,CHORDATA,MAMMALIA,RODENTIA,HETEROMYIDAE,Perognathus,amplus,,Arizona Pocket Mouse,LC,3.1,2016,stable,N
42608,ANIMALIA,CHORDATA,MAMMALIA,RODENTIA,HETEROMYIDAE,Perognathus,fasciatus,,Olive-backed Pocket Mouse,LC,3.1,2016,stable,N
16634,ANIMALIA,CHORDATA,MAMMALIA,RODENTIA,HETEROMYIDAE,Perognathus,flavescens,,Plains Pocket Mouse,LC,3.1,2016,stable,N
16635,ANIMALIA,CHORDATA,MAMMALIA,RODENTIA,HETEROMYIDAE,Perognathus,flavus,,Silky Pocket Mouse,LC,3.1,2016,stable,N
42609,ANIMALIA,CHORDATA,MAMMALIA,RODENTIA,HETEROMYIDAE,Perognathus,inornatus,,"Salinas Pocket Mouse, San Joaquin Pocket Mouse",LC,3.1,2016,unknown,N
16636,ANIMALIA,CHORDATA,MAMMALIA,RODENTIA,HETEROMYIDAE,Perognathus,longimembris,,"Little Pocket Mouse, Los Angeles Little Pocket Mouse, Los Angeles Pocket Mouse",LC,3.1,2016,stable,N
16637,ANIMALIA,CHORDATA,MAMMALIA,RODENTIA,HETEROMYIDAE,Perognathus,merriami,,"Great Basin Pocket Mouse, Merriam's Pocket Mouse",LC,3.1,2016,stable,N
42610,ANIMALIA,CHORDATA,MAMMALIA,RODENTIA,HETEROMYIDAE,Perognathus,parvus,Perognathus xanthanotus  ,Great Basin Pocket Mouse,LC,3.1,2016,stable,N
42652,ANIMALIA,CHORDATA,MAMMALIA,RODENTIA,CRICETIDAE,Peromyscus,attwateri,,"Texas Deermouse, Texas Mouse",LC,3.1,2016,stable,N
16652,ANIMALIA,CHORDATA,MAMMALIA,RODENTIA,CRICETIDAE,Peromyscus,boylii,,Brush Mouse,LC,3.1,2016,stable,N
16654,ANIMALIA,CHORDATA,MAMMALIA,RODENTIA,CRICETIDAE,Peromyscus,californicus,,California Mouse,LC,3.1,2016,stable,N
16656,ANIMALIA,CHORDATA,MAMMALIA,RODENTIA,CRICETIDAE,Peromyscus,crinitus,,Canyon Mouse,LC,3.1,2016,stable,N
16659,ANIMALIA,CHORDATA,MAMMALIA,RODENTIA,CRICETIDAE,Peromyscus,eremicus,,Cactus Mouse,LC,3.1,2016,stable,N
136412,ANIMALIA,CHORDATA,MAMMALIA,RODENTIA,CRICETIDAE,Peromyscus,fraterculus,,Northern Baja Deermouse,LC,3.1,2016,unknown,N
42653,ANIMALIA,CHORDATA,MAMMALIA,RODENTIA,CRICETIDAE,Peromyscus,gossypinus,,"Cotton Deermouse, Cotton Mouse, Key Largo Cotton Mouse",LC,3.1,2016,stable,N
16663,ANIMALIA,CHORDATA,MAMMALIA,RODENTIA,CRICETIDAE,Peromyscus,gratus,,Osgood's Mouse,LC,3.1,2016,unknown,N
135164,ANIMALIA,CHORDATA,MAMMALIA,RODENTIA,CRICETIDAE,Peromyscus,keeni,Peromyscus oreas  |Peromyscus sitkensis  ,"Northwestern Deermouse, Keen's Mouse",LC,3.1,2016,stable,N
16669,ANIMALIA,CHORDATA,MAMMALIA,RODENTIA,CRICETIDAE,Peromyscus,leucopus,,White-footed Mouse,LC,3.1,2016,stable,N
16672,ANIMALIA,CHORDATA,MAMMALIA,RODENTIA,CRICETIDAE,Peromyscus,maniculatus,,"North American Deermouse, Deer Mouse",LC,3.1,2016,stable,N
16678,ANIMALIA,CHORDATA,MAMMALIA,RODENTIA,CRICETIDAE,Peromyscus,melanotis,,Black-eared Mouse,LC,3.1,2016,unknown,N
16680,ANIMALIA,CHORDATA,MAMMALIA,RODENTIA,CRICETIDAE,Peromyscus,merriami,,Mesquite Mouse,LC,3.1,2016,unknown,N
16682,ANIMALIA,CHORDATA,MAMMALIA,RODENTIA,CRICETIDAE,Peromyscus,nasutus,,Northern Rock Mouse,LC,3.1,2016,unknown,N
16684,ANIMALIA,CHORDATA,MAMMALIA,RODENTIA,CRICETIDAE,Peromyscus,pectoralis,,White-ankled Mouse,LC,3.1,2016,stable,N
42654,ANIMALIA,CHORDATA,MAMMALIA,RODENTIA,CRICETIDAE,Peromyscus,polionotus,,"Beach Mouse, Choctawhatchee Beach Mouse, Oldfield Mouse",LC,3.1,2016,unknown,N
16694,ANIMALIA,CHORDATA,MAMMALIA,RODENTIA,CRICETIDAE,Peromyscus,truei,,Pinyon Mouse,LC,3.1,2016,stable,N
42636,ANIMALIA,CHORDATA,MAMMALIA,RODENTIA,CRICETIDAE,Phenacomys,intermedius,,Western Heather Vole,LC,3.1,2016,stable,N
42637,ANIMALIA,CHORDATA,MAMMALIA,RODENTIA,CRICETIDAE,Phenacomys,ungava,,Eastern Heather Vole,LC,3.1,2016,stable,N
17341,ANIMALIA,CHORDATA,MAMMALIA,CHIROPTERA,VESPERTILIONIDAE,Pipistrellus,hesperus,,Western Pipistrelle,LC,3.1,2008,stable,N
17366,ANIMALIA,CHORDATA,MAMMALIA,CHIROPTERA,VESPERTILIONIDAE,Pipistrellus,subflavus,,Eastern Pipistrelle,LC,3.1,2008,stable,N
17830,ANIMALIA,CHORDATA,MAMMALIA,RODENTIA,CRICETIDAE,Podomys,floridanus,,"Florida Deermouse, Florida Mouse",VU,3.1,2008,decreasing,N
41787,ANIMALIA,CHORDATA,MAMMALIA,RODENTIA,SCIURIDAE,Poliocitellus,franklinii,Spermophilus franklinii,Franklin's Ground Squirrel,LC,3.1,2016,decreasing,N
41686,ANIMALIA,CHORDATA,MAMMALIA,CARNIVORA,PROCYONIDAE,Procyon,lotor,Procyon gloveralleni  |Procyon insularis  |Procyon maynardi  |Procyon minor  |Ursus lotor,Northern Raccoon,LC,3.1,2016,increasing,N
18868,ANIMALIA,CHORDATA,MAMMALIA,CARNIVORA,FELIDAE,Puma,concolor,Felis concolor,"Puma, Mountain Lion, Cougar, Red Tiger, Deer Tiger",LC,3.1,2015,decreasing,N
29742,ANIMALIA,CHORDATA,MAMMALIA,CETARTIODACTYLA,CERVIDAE,Rangifer,tarandus,Cervus tarandus,"Reindeer, Caribou, Peary Caribou",VU,3.1,2016,decreasing,N
19407,ANIMALIA,CHORDATA,MAMMALIA,RODENTIA,CRICETIDAE,Reithrodontomys,fulvescens,,Fulvous Harvest Mouse,LC,3.1,2016,stable,N
42678,ANIMALIA,CHORDATA,MAMMALIA,RODENTIA,CRICETIDAE,Reithrodontomys,humulis,Reithrodontomys humilis  ,Eastern Harvest Mouse,LC,3.1,2016,stable,N
19410,ANIMALIA,CHORDATA,MAMMALIA,RODENTIA,CRICETIDAE,Reithrodontomys,megalotis,,"Southern Marsh Harvest Mouse, Western Harvest Mouse",LC,3.1,2016,stable,N
19413,ANIMALIA,CHORDATA,MAMMALIA,RODENTIA,CRICETIDAE,Reithrodontomys,montanus,,Plains Harvest Mouse,LC,3.1,2016,stable,N
19401,ANIMALIA,CHORDATA,MAMMALIA,RODENTIA,CRICETIDAE,Reithrodontomys,raviventris,,Salt-marsh Harvest Mouse,EN,3.1,2008,decreasing,N
41471,ANIMALIA,CHORDATA,MAMMALIA,EULIPOTYPHLA,TALPIDAE,Scalopus,aquaticus,,Eastern Mole,LC,3.1,2016,stable,N
41473,ANIMALIA,CHORDATA,MAMMALIA,EULIPOTYPHLA,TALPIDAE,Scapanus,latimanus,Scapanus anthonyi  ,Broad-footed Mole,LC,3.1,2016,stable,N
41474,ANIMALIA,CHORDATA,MAMMALIA,EULIPOTYPHLA,TALPIDAE,Scapanus,orarius,,Coast Mole,LC,3.1,2016,stable,N
41475,ANIMALIA,CHORDATA,MAMMALIA,EULIPOTYPHLA,TALPIDAE,Scapanus,townsendii,,Townsend's Mole,LC,3.1,2016,stable,N
42461,ANIMALIA,CHORDATA,MAMMALIA,RODENTIA,SCIURIDAE,Sciurus,aberti,,Abert's Squirrel,LC,3.1,2008,stable,N
20005,ANIMALIA,CHORDATA,MAMMALIA,RODENTIA,SCIURIDAE,Sciurus,arizonensis,,Arizona Gray Squirrel,DD,3.1,2008,unknown,N
42462,ANIMALIA,CHORDATA,MAMMALIA,RODENTIA,SCIURIDAE,Sciurus,carolinensis,,"Eastern Gray Squirrel, Gray Squirrel, Grey Squirrel",LC,3.1,2016,increasing,N
20011,ANIMALIA,CHORDATA,MAMMALIA,RODENTIA,SCIURIDAE,Sciurus,griseus,,Western Gray Squirrel,LC,3.1,2016,unknown,N
20015,ANIMALIA,CHORDATA,MAMMALIA,RODENTIA,SCIURIDAE,Sciurus,nayaritensis,,Mexican Fox Squirrel,LC,3.1,2016,unknown,N
20016,ANIMALIA,CHORDATA,MAMMALIA,RODENTIA,SCIURIDAE,Sciurus,niger,,"Bryant's Fox Squirrel, Delmarva Fox Squirrel, Eastern Fox Squirrel, Fox Squirrel",LC,3.1,2016,stable,N
20211,ANIMALIA,CHORDATA,MAMMALIA,RODENTIA,CRICETIDAE,Sigmodon,arizonae,,"Arizona Cotton Rat, Colorado River Cotton Rat",LC,3.1,2016,unknown,N
20212,ANIMALIA,CHORDATA,MAMMALIA,RODENTIA,CRICETIDAE,Sigmodon,fulviventer,,Tawny-bellied Cotton Rat,LC,3.1,2016,stable,N
20213,ANIMALIA,CHORDATA,MAMMALIA,RODENTIA,CRICETIDAE,Sigmodon,hispidus,,Hispid Cotton Rat,LC,3.1,2016,increasing,N
20217,ANIMALIA,CHORDATA,MAMMALIA,RODENTIA,CRICETIDAE,Sigmodon,ochrognathus,,Yellow-nosed Cotton Rat,LC,3.1,2016,unknown,N
41384,ANIMALIA,CHORDATA,MAMMALIA,EULIPOTYPHLA,SORICIDAE,Sorex,alaskanus,,Glacier Bay Water Shrew,DD,3.1,2008,unknown,N
41385,ANIMALIA,CHORDATA,MAMMALIA,EULIPOTYPHLA,SORICIDAE,Sorex,arcticus,,Arctic Shrew,LC,3.1,2016,stable,N
20396,ANIMALIA,CHORDATA,MAMMALIA,EULIPOTYPHLA,SORICIDAE,Sorex,arizonae,,Arizona Shrew,LC,3.1,2016,unknown,N
41387,ANIMALIA,CHORDATA,MAMMALIA,EULIPOTYPHLA,SORICIDAE,Sorex,bairdi,Sorex bairdii  ,Baird's Shrew,LC,3.1,2016,unknown,N
41389,ANIMALIA,CHORDATA,MAMMALIA,EULIPOTYPHLA,SORICIDAE,Sorex,bendirii,,"Marsh Shrew, Pacific Water Shrew",LC,3.1,2016,unknown,N
41392,ANIMALIA,CHORDATA,MAMMALIA,EULIPOTYPHLA,SORICIDAE,Sorex,cinereus,,"Cinereus Shrew, Masked Shrew",LC,3.1,2016,stable,N
41394,ANIMALIA,CHORDATA,MAMMALIA,EULIPOTYPHLA,SORICIDAE,Sorex,dispar,Sorex gaspensis  ,Long-tailed Shrew,LC,3.1,2016,unknown,N
41396,ANIMALIA,CHORDATA,MAMMALIA,EULIPOTYPHLA,SORICIDAE,Sorex,fumeus,,Smoky Shrew,LC,3.1,2016,stable,N
41399,ANIMALIA,CHORDATA,MAMMALIA,EULIPOTYPHLA,SORICIDAE,Sorex,haydeni,,"Prairie Shrew, Hayden's Shrew",LC,3.1,2016,stable,N
41400,ANIMALIA,CHORDATA,MAMMALIA,EULIPOTYPHLA,SORICIDAE,Sorex,hoyi,,"American Pygmy Shrew, Pygmy Shrew",LC,3.1,2016,stable,N
20390,ANIMALIA,CHORDATA,MAMMALIA,EULIPOTYPHLA,SORICIDAE,Sorex,jacksoni,,"Saint Lawrence Island Shrew, St Lawrence Island Shrew",LC,3.1,2016,unknown,N
41401,ANIMALIA,CHORDATA,MAMMALIA,EULIPOTYPHLA,SORICIDAE,Sorex,longirostris,,Southeastern Shrew,LC,3.1,2016,stable,N
41402,ANIMALIA,CHORDATA,MAMMALIA,EULIPOTYPHLA,SORICIDAE,Sorex,lyelli,,Mount Lyell Shrew,LC,3.1,2008,stable,N
136779,ANIMALIA,CHORDATA,MAMMALIA,EULIPOTYPHLA,SORICIDAE,Sorex,maritimensis,,Maritime Shrew,LC,3.1,2016,decreasing,N
41403,ANIMALIA,CHORDATA,MAMMALIA,EULIPOTYPHLA,SORICIDAE,Sorex,merriami,,Merriam's Shrew,LC,3.1,2016,unknown,N
41405,ANIMALIA,CHORDATA,MAMMALIA,EULIPOTYPHLA,SORICIDAE,Sorex,monticolus,,"Dusky Shrew, Montane Shrew",LC,3.1,2016,stable,N
41406,ANIMALIA,CHORDATA,MAMMALIA,EULIPOTYPHLA,SORICIDAE,Sorex,nanus,,Dwarf Shrew,LC,3.1,2016,unknown,N
136608,ANIMALIA,CHORDATA,MAMMALIA,EULIPOTYPHLA,SORICIDAE,Sorex,neomexicanus,,New Mexico Shrew,DD,3.1,2008,unknown,N
41408,ANIMALIA,CHORDATA,MAMMALIA,EULIPOTYPHLA,SORICIDAE,Sorex,ornatus,,Ornate Shrew,LC,3.1,2016,stable,N
41409,ANIMALIA,CHORDATA,MAMMALIA,EULIPOTYPHLA,SORICIDAE,Sorex,pacificus,,Pacific Shrew,LC,3.1,2016,stable,N
41410,ANIMALIA,CHORDATA,MAMMALIA,EULIPOTYPHLA,SORICIDAE,Sorex,palustris,,"American Water Shrew, Water Shrew",LC,3.1,2016,stable,N
41413,ANIMALIA,CHORDATA,MAMMALIA,EULIPOTYPHLA,SORICIDAE,Sorex,preblei,,Preble's Shrew,LC,3.1,2016,unknown,N
20391,ANIMALIA,CHORDATA,MAMMALIA,EULIPOTYPHLA,SORICIDAE,Sorex,pribilofensis,Sorex hydrodromus  |Sorex hydrodromus  ,Pribilof Island Shrew,EN,3.1,2008,unknown,N
136282,ANIMALIA,CHORDATA,MAMMALIA,EULIPOTYPHLA,SORICIDAE,Sorex,rohweri,,Olympic Shrew,LC,3.1,2008,unknown,N
41418,ANIMALIA,CHORDATA,MAMMALIA,EULIPOTYPHLA,SORICIDAE,Sorex,sonomae,,Fog Shrew,LC,3.1,2008,stable,N
41419,ANIMALIA,CHORDATA,MAMMALIA,EULIPOTYPHLA,SORICIDAE,Sorex,tenellus,,Inyo Shrew,LC,3.1,2016,stable,N
41421,ANIMALIA,CHORDATA,MAMMALIA,EULIPOTYPHLA,SORICIDAE,Sorex,trowbridgii,,Trowbridge's Shrew,LC,3.1,2016,stable,N
41422,ANIMALIA,CHORDATA,MAMMALIA,EULIPOTYPHLA,SORICIDAE,Sorex,tundrensis,,"Tundra Shrew, TUNDRA SHREW",LC,3.1,2016,stable,N
41423,ANIMALIA,CHORDATA,MAMMALIA,EULIPOTYPHLA,SORICIDAE,Sorex,ugyunak,,Barren Ground Shrew,LC,3.1,2016,stable,N
41425,ANIMALIA,CHORDATA,MAMMALIA,EULIPOTYPHLA,SORICIDAE,Sorex,vagrans,,Vagrant Shrew,LC,3.1,2016,stable,N
136542,ANIMALIA,CHORDATA,MAMMALIA,EULIPOTYPHLA,SORICIDAE,Sorex,yukonicus,Sorex minutissimus  ,"Alaska Tiny Shrew, Least Siberian Shrew, Least Shrew, Miniscule Shrew",LC,3.1,2008,unknown,N
136797,ANIMALIA,CHORDATA,MAMMALIA,CARNIVORA,MEPHITIDAE,Spilogale,gracilis,,Western Spotted Skunk,LC,3.1,2016,decreasing,N
41636,ANIMALIA,CHORDATA,MAMMALIA,CARNIVORA,MEPHITIDAE,Spilogale,putorius,Viverra putorius,"Eastern Spotted Skunk, Plains Spotted Skunk, Allegheny Spotted Skunk, Appalachian Spotted Skunk, Spotted Skunk",VU,3.1,2016,decreasing,N
41296,ANIMALIA,CHORDATA,MAMMALIA,LAGOMORPHA,LEPORIDAE,Sylvilagus,aquaticus,,Swamp Rabbit,LC,3.1,2008,decreasing,N
41297,ANIMALIA,CHORDATA,MAMMALIA,LAGOMORPHA,LEPORIDAE,Sylvilagus,audubonii,,"Desert Cottontail, Audubon's Cottontail",LC,3.1,2008,stable,N
41302,ANIMALIA,CHORDATA,MAMMALIA,LAGOMORPHA,LEPORIDAE,Sylvilagus,bachmani,,"Brush Rabbit, Riparian Brush Rabbit",LC,3.1,2008,stable,N
41309,ANIMALIA,CHORDATA,MAMMALIA,LAGOMORPHA,LEPORIDAE,Sylvilagus,cognatus,,Manzano Mountain Cottontail,EN,3.1,2016,unknown,N
41299,ANIMALIA,CHORDATA,MAMMALIA,LAGOMORPHA,LEPORIDAE,Sylvilagus,floridanus,,Eastern Cottontail,LC,3.1,2008,increasing,N
41300,ANIMALIA,CHORDATA,MAMMALIA,LAGOMORPHA,LEPORIDAE,Sylvilagus,nuttallii,,"Mountain Cottontail, Nuttall's Cottontail",LC,3.1,2008,unknown,N
41301,ANIMALIA,CHORDATA,MAMMALIA,LAGOMORPHA,LEPORIDAE,Sylvilagus,obscurus,,"Appalachian Cottontail, Allegheny Cottontail, Wood Rabbit",NT,3.1,2008,decreasing,N
41303,ANIMALIA,CHORDATA,MAMMALIA,LAGOMORPHA,LEPORIDAE,Sylvilagus,palustris,,"Marsh Rabbit, Lower Keys Rabbit, Lower Keys Marsh Rabbit, Key Rabbit",LC,3.1,2008,unknown,N
41310,ANIMALIA,CHORDATA,MAMMALIA,LAGOMORPHA,LEPORIDAE,Sylvilagus,robustus,,Robust Cottontail,EN,3.1,2008,unknown,N
21212,ANIMALIA,CHORDATA,MAMMALIA,LAGOMORPHA,LEPORIDAE,Sylvilagus,transitionalis,,"New England Cottontail, Wood Rabbit",VU,3.1,2008,decreasing,N
42638,ANIMALIA,CHORDATA,MAMMALIA,RODENTIA,CRICETIDAE,Synaptomys,borealis,,"Northern Bog Lemming, Okanagan Bog Lemming",LC,3.1,2008,unknown,N
42639,ANIMALIA,CHORDATA,MAMMALIA,RODENTIA,CRICETIDAE,Synaptomys,cooperi,,"Kansas Bog Lemming, Southern Bog Lemming",LC,3.1,2016,unknown,N
21314,ANIMALIA,CHORDATA,MAMMALIA,CHIROPTERA,MOLOSSIDAE,Tadarida,brasiliensis,,"Brazilian Free-tailed Bat, Mexican Free-tailed Bat",LC,3.1,2015,stable,N
42583,ANIMALIA,CHORDATA,MAMMALIA,RODENTIA,SCIURIDAE,Tamias,striatus,,Eastern Chipmunk,LC,3.1,2016,stable,N
42586,ANIMALIA,CHORDATA,MAMMALIA,RODENTIA,SCIURIDAE,Tamiasciurus,douglasii,,Douglas's Squirrel,LC,3.1,2016,stable,N
42587,ANIMALIA,CHORDATA,MAMMALIA,RODENTIA,SCIURIDAE,Tamiasciurus,hudsonicus,,"Red Squirrel, Mount Graham Red Squirrel, Mountain Weasel",LC,3.1,2016,stable,N
41663,ANIMALIA,CHORDATA,MAMMALIA,CARNIVORA,MUSTELIDAE,Taxidea,taxus,Ursus taxus,American Badger,LC,3.1,2016,decreasing,N
21799,ANIMALIA,CHORDATA,MAMMALIA,RODENTIA,GEOMYIDAE,Thomomys,bottae,,Botta's Pocket Gopher,LC,3.1,2016,stable,N
42594,ANIMALIA,CHORDATA,MAMMALIA,RODENTIA,GEOMYIDAE,Thomomys,bulbivorus,,Camas Pocket Gopher,LC,3.1,2016,stable,N
42595,ANIMALIA,CHORDATA,MAMMALIA,RODENTIA,GEOMYIDAE,Thomomys,clusius,,Wyoming Pocket Gopher,LC,3.1,2008,unknown,N
21809,ANIMALIA,CHORDATA,MAMMALIA,RODENTIA,GEOMYIDAE,Thomomys,idahoensis,,Idaho Pocket Gopher,LC,3.1,2008,unknown,N
21810,ANIMALIA,CHORDATA,MAMMALIA,RODENTIA,GEOMYIDAE,Thomomys,mazama,,"Western Pocket Gopher, Puget Sound Pocket Gopher, Mazama Pocket Gopher",LC,3.1,2016,decreasing,N
42596,ANIMALIA,CHORDATA,MAMMALIA,RODENTIA,GEOMYIDAE,Thomomys,monticola,,Mountain Pocket Gopher,LC,3.1,2016,stable,N
42597,ANIMALIA,CHORDATA,MAMMALIA,RODENTIA,GEOMYIDAE,Thomomys,talpoides,,"Northern Pocket Gopher, Vancouver Pocket Gopher",LC,3.1,2016,stable,N
42598,ANIMALIA,CHORDATA,MAMMALIA,RODENTIA,GEOMYIDAE,Thomomys,townsendii,,Townsend's Pocket Gopher,LC,3.1,2016,stable,N
21800,ANIMALIA,CHORDATA,MAMMALIA,RODENTIA,GEOMYIDAE,Thomomys,umbrinus,,"Animas Mountains Pocket Gopher, Southern Pocket Gopher",LC,3.1,2016,unknown,N
42463,ANIMALIA,CHORDATA,MAMMALIA,RODENTIA,SCIURIDAE,Urocitellus,armatus,Spermophilus armatus,Uinita Ground Squirrel,LC,3.1,2016,unknown,N
42464,ANIMALIA,CHORDATA,MAMMALIA,RODENTIA,SCIURIDAE,Urocitellus,beldingi,Spermophilus beldingi,Belding's Ground Squirrel,LC,3.1,2016,stable,N
20473,ANIMALIA,CHORDATA,MAMMALIA,RODENTIA,SCIURIDAE,Urocitellus,brunneus,Spermophilus brunneus,Idaho Ground Squirrel,VU,3.1,2016,decreasing,N
42465,ANIMALIA,CHORDATA,MAMMALIA,RODENTIA,SCIURIDAE,Urocitellus,canus,Spermophilus canus|Spermophilus vigilis  ,Merriam's Ground Squirrel,LC,3.1,2008,unknown,N
42466,ANIMALIA,CHORDATA,MAMMALIA,RODENTIA,SCIURIDAE,Urocitellus,columbianus,Spermophilus columbianus,Columbian Ground Squirrel,LC,3.1,2016,stable,N
42467,ANIMALIA,CHORDATA,MAMMALIA,RODENTIA,SCIURIDAE,Urocitellus,elegans,Spermophilus elegans,"Nevada Ground Squirrel, Wyoming Ground Squirrel",LC,3.1,2008,unknown,N
42469,ANIMALIA,CHORDATA,MAMMALIA,RODENTIA,SCIURIDAE,Urocitellus,mollis,Spermophilus mollis,"Piute Ground Squirrel, Great Basin Ground Squirrel",LC,3.1,2016,unknown,N
20488,ANIMALIA,CHORDATA,MAMMALIA,RODENTIA,SCIURIDAE,Urocitellus,parryii,Citellus buxtoni  |Citellus eversmanni subspecies janensis|Citellus parryi subspecies tshuktschorum|Citellus stejnegeri  |Citellus undulatus subspecies coriakorum|Spermophilus brunniceps  |Spermophilus leucosticus  |Spermophilus parryii,Arctic Ground Squirrel,LC,3.1,2016,unknown,N
42561,ANIMALIA,CHORDATA,MAMMALIA,RODENTIA,SCIURIDAE,Urocitellus,richardsonii,Spermophilus richardsonii,Richardson's Ground Squirrel,LC,3.1,2016,stable,N
20476,ANIMALIA,CHORDATA,MAMMALIA,RODENTIA,SCIURIDAE,Urocitellus,townsendii,Spermophilus townsendii,Townsend's Ground Squirrel,VU,3.1,2016,decreasing,N
20475,ANIMALIA,CHORDATA,MAMMALIA,RODENTIA,SCIURIDAE,Urocitellus,washingtoni,Spermophilus washingtoni,Washington Ground Squirrel,NT,3.1,2016,decreasing,N
22780,ANIMALIA,CHORDATA,MAMMALIA,CARNIVORA,CANIDAE,Urocyon,cinereoargenteus,Canis cinereoargenteus,"Grey Fox, Tree Fox, Gray Fox",LC,3.1,2016,stable,N
22781,ANIMALIA,CHORDATA,MAMMALIA,CARNIVORA,CANIDAE,Urocyon,littoralis,Vulpes littoralis,"Island Fox, California Channel Island Fox, Channel Islands Fox, Island Gray Fox, Island Grey Fox",NT,3.1,2013,increasing,N
41687,ANIMALIA,CHORDATA,MAMMALIA,CARNIVORA,URSIDAE,Ursus,americanus,,American Black Bear,LC,3.1,2016,increasing,N
41688,ANIMALIA,CHORDATA,MAMMALIA,CARNIVORA,URSIDAE,Ursus,arctos,,"Brown Bear, Grizzly Bear",LC,3.1,2016,stable,N
22823,ANIMALIA,CHORDATA,MAMMALIA,CARNIVORA,URSIDAE,Ursus,maritimus,Thalarctos maritimus  ,Polar Bear,VU,3.1,2015,unknown,N
899,ANIMALIA,CHORDATA,MAMMALIA,CARNIVORA,CANIDAE,Vulpes,lagopus,Alopex lagopus,"Arctic Fox, Polar Fox",LC,3.1,2014,stable,N
41587,ANIMALIA,CHORDATA,MAMMALIA,CARNIVORA,CANIDAE,Vulpes,macrotis,,"Kit Fox, Desert Fox",LC,3.1,2014,decreasing,N
23059,ANIMALIA,CHORDATA,MAMMALIA,CARNIVORA,CANIDAE,Vulpes,velox,,Swift Fox,LC,3.1,2016,stable,N
23062,ANIMALIA,CHORDATA,MAMMALIA,CARNIVORA,CANIDAE,Vulpes,vulpes,Canis vulpes,"Red Fox, Silver Fox, Cross Fox",LC,3.1,2016,stable,N
20474,ANIMALIA,CHORDATA,MAMMALIA,RODENTIA,SCIURIDAE,Xerospermophilus,mohavensis,Spermophilus mohavensis,Mohave Ground Squirrel,NT,3.1,2016,decreasing,N
42563,ANIMALIA,CHORDATA,MAMMALIA,RODENTIA,SCIURIDAE,Xerospermophilus,spilosoma,Spermophilus spilosoma,Spotted Ground Squirrel,LC,3.1,2016,stable,N
20493,ANIMALIA,CHORDATA,MAMMALIA,RODENTIA,SCIURIDAE,Xerospermophilus,tereticaudus,Spermophilus tereticaudus,Round-tailed Ground Squirrel,LC,3.1,2016,stable,N
42613,ANIMALIA,CHORDATA,MAMMALIA,RODENTIA,DIPODIDAE,Zapus,hudsonius,,Meadow Jumping Mouse,LC,3.1,2016,stable,N
42614,ANIMALIA,CHORDATA,MAMMALIA,RODENTIA,DIPODIDAE,Zapus,princeps,,Pacific Jumping Mouse,LC,3.1,2016,stable,N
23192,ANIMALIA,CHORDATA,MAMMALIA,RODENTIA,DIPODIDAE,Zapus,trinotatus,,"Pacific Jumping Mouse, Point Reyes Jumping Mouse",LC,3.1,2016,unknown,N