,Prob,CorrProb,nCarcass
Alces alces,1.055530684,0.718447098,0.545192768
Ammospermophilus harrisii,0.004528806,0.002872702,12.96204804
Ammospermophilus interpres,0.004227456,0.002667528,13.49136839
Ammospermophilus leucurus,0.004052202,0.002548206,13.82751694
Ammospermophilus nelsoni,0.005459521,0.00350638,11.62766061
Antilocapra americana,0.260734088,0.177310011,1.228946858
Antrozous pallidus,0.001352811,0.000710327,26.1629876
Aplodontia rufa,0.019106501,0.012797923,5.613993594
Arborimus albipes,0.001448972,0.000775798,25.13926225
Arborimus longicaudus,0.001396902,0.000740346,25.6797772
Arborimus pomo,0.001834917,0.001038568,21.91496519
Baiomys taylori,0.000704386,0.000268846,38.23241702
Bassariscus astutus,0.020707321,0.013887841,5.357486897
Bison bison,1.46906229,1,0.449882489
Blarina brevicauda,0.00165733,0.000917658,23.25073793
Blarina carolinensis,0.001006973,0.000474863,31.0610386
Blarina hylophaga,0.001057339,0.000509155,30.1922433
Brachylagus idahoensis,0.010559033,0.00697838,7.9246356
Callospermophilus lateralis,0.006151001,0.003977173,10.84896311
Callospermophilus saturatus,0.00677446,0.004401655,10.25691308
Canis latrans,0.112189617,0.076173541,2.006395047
Canis lupus,0.204038423,0.138708781,1.417192943
Canis rufus,0.204038423,0.138708781,1.417192943
Castor canadensis,0.156472417,0.106323476,1.65361021
Cervus canadensis,0.623117612,0.424038753,0.740629134
Chaetodipus baileyi,0.001589985,0.000871807,23.81818002
Chaetodipus californicus,0.001405642,0.000746296,25.58684128
Chaetodipus eremicus,0.001330963,0.000695451,26.4117781
Chaetodipus fallax,0.001257963,0.000645749,27.29212562
Chaetodipus formosus,0.001292207,0.000669064,26.86936457
Chaetodipus hispidus,0.001815589,0.001025409,22.05027134
Chaetodipus intermedius,0.001154892,0.000575574,28.6825232
Chaetodipus nelsoni,0.001118775,0.000550983,29.21716666
Chaetodipus penicillatus,0.001173467,0.000588221,28.41773817
Chaetodipus rudinoris,0.001330963,0.000695451,26.4117781
Chaetodipus spinatus,0.001147711,0.000570684,28.78670319
Choeronycteris mexicana,0.001159668,0.000578826,28.61380206
Condylura cristata,0.003509803,0.002178914,15.03209815
Conepatus leuconotus,0.044833245,0.03031397,3.419498996
Corynorhinus rafinesquii,0.000772059,0.000314922,36.24718673
Corynorhinus townsendii,0.000837082,0.000359192,34.58295513
Cratogeomys castanops,0.00772891,0.005051492,9.50043128
Cryptotis parva,0.000509574,0.000136209,46.14858936
Cynomys gunnisoni,0.018066532,0.01208986,5.799628983
Cynomys leucurus,0.017845662,0.011939481,5.841244423
Cynomys ludovicianus,0.023554735,0.015826501,4.970924585
Cynomys parvidens,0.017731454,0.011861722,5.863084035
Dasypus novemcinctus,0.050809639,0.034382997,3.17960673
Dicrostonyx groenlandicus,0.002608639,0.001565357,17.86182032
Dicrostonyx hudsonius,0.002693162,0.001622904,17.53380457
Dicrostonyx nelsoni,0.002816112,0.001706615,17.08468706
Dicrostonyx nunatakensis,0.002815164,0.001705969,17.08803215
Dicrostonyx richardsoni,0.002628256,0.001578713,17.78420647
Dicrostonyx unalascensis,0.002815796,0.0017064,17.08580183
Didelphis virginiana,0.032603531,0.021987372,4.11501359
Diphylla ecaudata,0.001709506,0.000953182,22.83557934
Dipodomys agilis,0.002720528,0.001641536,17.43106989
Dipodomys californicus,0.00353715,0.002197533,14.96443491
Dipodomys compactus,0.002437325,0.001448718,18.58117631
Dipodomys deserti,0.004074332,0.002563274,13.78381108
Dipodomys elator,0.00332195,0.002051014,15.52049984
Dipodomys heermanni,0.003159062,0.001940112,15.9807618
Dipodomys ingens,0.004824811,0.003074237,12.49369744
Dipodomys merriami,0.002186147,0.001277703,19.79376962
Dipodomys microps,0.002615186,0.001569814,17.83581669
Dipodomys nitratoides,0.002253218,0.001323369,19.44912488
Dipodomys ordii,0.002801872,0.001696919,17.13510677
Dipodomys panamintinus,0.0032395,0.001994878,15.7488991
Dipodomys simulans,0.003109736,0.001906529,16.12761415
Dipodomys spectabilis,0.00487467,0.003108184,12.41926033
Dipodomys stephensi,0.003091297,0.001893974,16.18346181
Dipodomys venustus,0.003159062,0.001940112,15.9807618
Enchisthenes hartii,0.001178208,0.000591448,28.35121713
Enhydra lutris,0.164603608,0.111859595,1.60562654
Eptesicus fuscus,0.001152979,0.000574271,28.71017479
Erethizon dorsatum,0.072576486,0.04920295,2.584434481
Euderma maculatum,0.001114404,0.000548007,29.28371366
Eumops floridanus,0.001944472,0.001113159,21.18856873
Eumops perotis,0.002500493,0.001491725,18.30687388
Eumops underwoodi,0.002618456,0.001572041,17.82286473
Geomys arenarius,0.006476961,0.004199103,10.52817737
Geomys attwateri,0.005073237,0.003243378,12.13435637
Geomys breviceps,0.004889117,0.00311802,12.39791671
Geomys bursarius,0.00642856,0.004166149,10.57418064
Geomys knoxjonesi,0.005737329,0.003695525,11.29700191
Geomys personatus,0.010138505,0.006692064,8.114068098
Geomys pinetis,0.003538288,0.002198308,14.9616388
Geomys texensis,0.006123698,0.003958584,10.8770525
Glaucomys sabrinus,0.005588996,0.003594532,11.47032091
Glaucomys volans,0.002910836,0.001771108,16.75928953
Gulo gulo,0.132012691,0.089670077,1.825336426
Herpailurus yagouaroundi,0.071097979,0.048196309,2.615539099
Heteromys irroratus,0.002462615,0.001465936,18.47002094
Ictidomys mexicanus,0.006121053,0.003956783,10.87978443
Ictidomys tridecemlineatus,0.004771001,0.003037601,12.57541151
Idionycteris phyllotis,0.000930725,0.00042295,32.51569382
Lasionycteris noctivagans,0.000845941,0.000365224,34.37196815
Lasiurus blossevillii,0.00079211,0.000328573,35.71101615
Lasiurus borealis,0.000861343,0.00037571,34.01337911
Lasiurus cinereus,0.001545599,0.000841586,24.2134115
Lasiurus ega,0.000991635,0.00046442,31.33939648
Lasiurus intermedius,0.001450263,0.000776677,25.12625633
Lasiurus seminolus,0.000814177,0.000343598,35.14516217
Lasiurus xanthinus,0.001060823,0.000511527,30.13457268
Lemmiscus curtatus,0.001668228,0.000925079,23.16232406
Lemmus trimucronatus,0.003093415,0.001895417,16.17701846
Leopardus pardalis,0.103419056,0.070202107,2.103609758
Leptonycteris nivalis,0.001560598,0.000851798,24.07786777
Leptonycteris yerbabuenae,0.001416097,0.000753415,25.47686411
Lepus alleni,0.046438525,0.031406925,3.35028582
Lepus americanus,0.027487789,0.018504321,4.544195498
Lepus arcticus,0.052458728,0.035505779,3.121119424
Lepus californicus,0.034869821,0.023530375,3.957374764
Lepus callotis,0.03562813,0.02404667,3.908195641
Lepus othus,0.055674438,0.037695194,3.015030842
Lepus townsendii,0.025760356,0.017328198,4.718908031
Lontra canadensis,0.079439084,0.053875348,2.452211418
Lynx canadensis,0.087861984,0.059610078,2.312693447
Lynx rufus,0.084834009,0.057548482,2.360321911
Macrotus californicus,0.000909475,0.000408482,32.95515303
Marmota broweri,0.04399831,0.029745505,3.457068495
Marmota caligata,0.073585575,0.049889988,2.563774715
Marmota flaviventris,0.0435113,0.029413925,3.479507282
Marmota monax,0.047438006,0.032087422,3.309073158
Marmota olympus,0.066980614,0.045393002,2.707824759
Marmota vancouverensis,0.066980614,0.045393002,2.707824759
Martes americana,0.022191647,0.014898444,5.146182745
Martes pennanti,0.049114189,0.03322865,3.242953062
Mephitis macroura,0.016378479,0.010940549,6.139917936
Mephitis mephitis,0.031474025,0.021218348,4.200216919
Microdipodops megacephalus,0.000845389,0.000364848,34.38502244
Microdipodops pallidus,0.000955409,0.000439756,32.0247099
Microtus abbreviatus,0.002852355,0.001731291,16.95816977
Microtus breweri,0.002595523,0.001556427,17.91423045
Microtus californicus,0.0027067,0.001632122,17.48277602
Microtus canicaudus,0.001675476,0.000930013,23.10403416
Microtus chrotorrhinus,0.002078247,0.001204239,20.38477069
Microtus longicaudus,0.002350753,0.001389775,18.97591656
Microtus mexicanus,0.001930183,0.00110343,21.27960028
Microtus miurus,0.00215046,0.001253406,19.98403991
Microtus montanus,0.001979982,0.001137336,20.96684654
Microtus ochrogaster,0.002042068,0.001179607,20.59392018
Microtus oeconomus,0.001906764,0.001087485,21.43112888
Microtus oregoni,0.001332752,0.00069667,26.3911556
Microtus pennsylvanicus,0.001995587,0.001147961,20.87138715
Microtus pinetorum,0.001587099,0.000869842,23.84334656
Microtus richardsoni,0.003538288,0.002198308,14.9616388
Microtus townsendii,0.002938169,0.001789717,16.66849118
Microtus xanthognathus,0.004623427,0.002937124,12.80718863
Molossus molossus,0.001011045,0.000477635,30.98826568
Mormoops megalophylla,0.001121684,0.000552964,29.1730964
Mustela erminea,0.004462151,0.00282732,13.07424576
Mustela frenata,0.005143725,0.00329137,12.03742232
Mustela nigripes,0.017052699,0.011399592,5.997623036
Mustela nivalis,0.004057806,0.002552022,13.81641275
Myodes californicus,0.001239522,0.000633194,27.52741288
Myodes gapperi,0.001309397,0.000680768,26.66375818
Myodes rutilus,0.001314354,0.000684143,26.60526526
Myotis auriculus,0.002004479,0.001154015,20.81752045
Myotis austroriparius,0.000632912,0.000220184,40.68564516
Myotis californicus,0.000482685,0.000117901,47.62594655
Myotis ciliolabrum,0.000503266,0.000131914,46.48393255
Myotis evotis,0.000624035,0.00021414,41.02105095
Myotis grisescens,0.000850355,0.000368229,34.26815771
Myotis keenii,0.000596395,0.000195321,42.11562652
Myotis leibii,0.000520008,0.000143313,45.60809005
Myotis lucifugus,0.000683189,0.000254414,38.91749602
Myotis melanorhinus,0.000688668,0.000258145,38.73720822
Myotis occultus,0.000751181,0.000300707,36.8294214
Myotis septentrionalis,0.000688668,0.000258145,38.73720822
Myotis sodalis,0.000637329,0.000223191,40.52151691
Myotis thysanodes,0.000712183,0.000274155,37.98853388
Myotis velifer,0.000825946,0.00035161,34.85321891
Myotis volans,0.000731803,0.000287513,37.39318389
Myotis yumanensis,0.000537867,0.000155472,44.72164189
Napaeozapus insignis,0.001418705,0.000755191,25.4496286
Nasua narica,0.049365896,0.033400025,3.233331527
Neofiber alleni,0.007712482,0.005040307,9.512188976
Neotamias alpinus,0.001988163,0.001142906,20.91665287
Neotamias amoenus,0.002479408,0.00147737,18.39720308
Neotamias canipes,0.003110944,0.001907351,16.12397565
Neotamias cinereicollis,0.002842921,0.001724868,16.9908564
Neotamias dorsalis,0.003132037,0.001921712,16.06076575
Neotamias merriami,0.003242461,0.001996895,15.74053702
Neotamias minimus,0.004859713,0.003098,12.44146402
Neotamias obscurus,0.003188963,0.00196047,15.89349113
Neotamias ochrogenys,0.003726475,0.002326435,14.51770119
Neotamias palmeri,0.003080694,0.001886755,16.21581458
Neotamias panamintinus,0.002539432,0.001518238,18.14317581
Neotamias quadrimaculatus,0.003545392,0.002203145,14.94420469
Neotamias quadrivittatus,0.002858636,0.001735567,16.93650118
Neotamias ruficaudus,0.003038111,0.001857762,16.34754122
Neotamias rufus,0.002582376,0.001547476,17.96718576
Neotamias senex,0.003660982,0.002281844,14.66810264
Neotamias siskiyou,0.00324838,0.002000924,15.72385962
Neotamias sonomae,0.00324838,0.002000924,15.72385962
Neotamias speciosus,0.002852355,0.001731291,16.95816977
Neotamias townsendii,0.003241869,0.001996491,15.74220818
Neotamias umbrinus,0.002883697,0.00175263,16.85079058
Neotoma albigula,0.006477606,0.004199542,10.52756874
Neotoma cinerea,0.00835665,0.005478889,9.078843787
Neotoma devia,0.006347511,0.004110967,10.65245164
Neotoma floridana,0.007286142,0.004750033,9.831857318
Neotoma fuscipes,0.006979765,0.004541437,10.08045216
Neotoma lepida,0.005537144,0.003559229,11.53263375
Neotoma leucodon,0.006786443,0.004409814,10.24638196
Neotoma macrotis,0.006894688,0.004483512,10.15256776
Neotoma magister,0.010994109,0.007274602,7.740809733
Neotoma mexicana,0.006412388,0.004155138,10.58967307
Neotoma micropus,0.007138028,0.00464919,9.949929984
Neotoma stephensi,0.005274403,0.003380342,11.86315901
Neovison vison,0.020963154,0.014062024,5.319385153
Neurotrichus gibbsii,0.000757589,0.000305069,36.64803106
Notiosorex cockrumi,0.000498335,0.000128557,46.75077398
Notiosorex crawfordi,0.000467523,0.000107579,48.51768437
Nycticeius humeralis,0.000762813,0.000308626,36.50193453
Nyctinomops femorosaccus,0.001063805,0.000513557,30.08544793
Nyctinomops macrotis,0.001244144,0.000636341,27.46792189
Ochotona collaris,0.004704709,0.002992466,12.67810559
Ochotona princeps,0.005394949,0.003462415,11.70835403
Ochrotomys nuttalli,0.001421746,0.000757261,25.41798293
Odocoileus hemionus,0.291333413,0.198143555,1.152181191
Odocoileus virginianus,0.296072352,0.201370061,1.141425511
Ondatra zibethicus,0.019901628,0.013339284,5.48250844
Onychomys arenicola,0.001737296,0.000972103,22.62253878
Onychomys leucogaster,0.001654094,0.000915455,23.27716366
Onychomys torridus,0.001532628,0.000832755,24.33230873
Oreamnos americanus,0.355313909,0.241704662,1.026605309
Oryzomys couesi,0.003077661,0.00188469,16.22510012
Oryzomys palustris,0.002591583,0.001553744,17.93005936
Otospermophilus beecheyi,0.013111525,0.008716244,6.987535772
Otospermophilus variegatus,0.014812832,0.009874579,6.509176965
Ovibos moschatus,1.021967098,0.695595337,0.555529911
Ovis canadensis,0.362459107,0.246569468,1.014793016
Ovis dalli,0.296589666,0.201722274,1.140267869
Panthera onca,0.442588372,0.301125461,0.903563085
Parascalops breweri,0.002496149,0.001488768,18.3253855
Pecari tajacu,0.153751383,0.104470861,1.670558233
Perognathus alticola,0.001491285,0.000804607,24.72216331
Perognathus amplus,0.000913211,0.000411025,32.87673585
Perognathus fasciatus,0.000905198,0.000405569,33.04558402
Perognathus flavescens,0.000751764,0.000301104,36.81280061
Perognathus flavus,0.00068806,0.000257731,38.75709525
Perognathus inornatus,0.000868996,0.000380921,33.83894449
Perognathus longimembris,0.000680136,0.000252336,39.01894146
Perognathus merriami,0.000633544,0.000220614,40.66205491
Perognathus parvus,0.001396026,0.00073975,25.68913629
Peromyscus attwateri,0.001653285,0.000914904,23.28378663
Peromyscus boylii,0.001377142,0.000726892,25.89330705
Peromyscus californicus,0.00224023,0.001314526,19.51458763
Peromyscus crinitus,0.001224676,0.000623086,27.72087749
Peromyscus eremicus,0.001476817,0.000794756,24.86265564
Peromyscus fraterculus,0.001854151,0.001051664,21.78253624
Peromyscus gossypinus,0.001713091,0.000955623,22.807792
Peromyscus gratus,0.001630955,0.000899701,23.46855873
Peromyscus keeni,0.001667422,0.00092453,23.16883272
Peromyscus leucopus,0.001369201,0.000721486,25.98048767
Peromyscus maniculatus,0.001374057,0.000724792,25.92708819
Peromyscus melanotis,0.002100032,0.001219072,20.26158849
Peromyscus merriami,0.002114497,0.00122892,20.18090616
Peromyscus nasutus,0.00165733,0.000917658,23.25073793
Peromyscus pectoralis,0.002078247,0.001204239,20.38477069
Peromyscus polionotus,0.000978769,0.00045566,31.57820075
Peromyscus truei,0.001630955,0.000899701,23.46855873
Phenacomys intermedius,0.001542256,0.00083931,24.24389893
Phenacomys ungava,0.001834917,0.001038568,21.91496519
Pipistrellus hesperus,0.000415989,7.25E-05,51.9257042
Pipistrellus subflavus,0.000562819,0.000172461,43.55828313
Podomys floridanus,0.001768806,0.000993557,22.38740959
Poliocitellus franklinii,0.009537098,0.006282596,8.407667908
Procyon lotor,0.061236638,0.041482217,2.852682905
Puma concolor,0.281669599,0.19156395,1.174996071
Rangifer tarandus,0.399373845,0.271702859,0.959167564
Reithrodontomys fulvescens,0.000897152,0.000400091,33.21752369
Reithrodontomys humulis,0.000722915,0.000281462,37.65970147
Reithrodontomys megalotis,0.00078469,0.000323522,35.90689584
Reithrodontomys montanus,0.000870086,0.000381664,33.81428118
Reithrodontomys raviventris,0.000878247,0.000387219,33.6313
Scalopus aquaticus,0.003714254,0.002318114,14.5454491
Scapanus latimanus,0.002628256,0.001578713,17.78420647
Scapanus orarius,0.002827165,0.00171414,17.04583047
Scapanus townsendii,0.005016324,0.003204629,12.21418936
Sciurus aberti,0.013807222,0.00918991,6.78067549
Sciurus arizonensis,0.014152822,0.009425211,6.683933877
Sciurus carolinensis,0.011973683,0.007941545,7.366147957
Sciurus griseus,0.015383515,0.010263128,6.367710064
Sciurus nayaritensis,0.014891141,0.009927896,6.489258379
Sciurus niger,0.01582473,0.01056353,6.263902425
Sigmodon arizonae,0.006304089,0.004081403,10.69503965
Sigmodon fulviventer,0.006647718,0.004315363,10.37013025
Sigmodon hispidus,0.003745327,0.002339271,14.47518191
Sigmodon ochrognathus,0.004528806,0.002872702,12.96204804
Sorex alaskanus,0.001032299,0.000492106,30.61580262
Sorex arcticus,0.00071338,0.00027497,37.95149677
Sorex arizonae,0.000309517,0,61.66157541
Sorex bairdi,0.000724103,0.000282271,37.62377893
Sorex bendirii,0.001135696,0.000562504,28.96333761
Sorex cinereus,0.000486976,0.000120823,47.38155074
Sorex dispar,0.000510971,0.00013716,46.07521683
Sorex fumeus,0.000686235,0.000256489,38.81697265
Sorex haydeni,0.000400496,6.19E-05,53.08397865
Sorex hoyi,0.000325189,1.07E-05,59.91636478
Sorex jacksoni,0.000400496,6.19E-05,53.08397865
Sorex longirostris,0.000406726,6.62E-05,52.60983235
Sorex lyelli,0.000510971,0.00013716,46.07521683
Sorex maritimensis,0.000582021,0.000185535,42.7170837
Sorex merriami,0.000572126,0.000178798,43.14497591
Sorex monticolus,0.000528286,0.000148949,45.19134176
Sorex nanus,0.000309517,0,61.66157541
Sorex neomexicanus,0.000582021,0.000185535,42.7170837
Sorex ornatus,0.000510273,0.000136685,46.11185174
Sorex pacificus,0.000624671,0.000214573,40.99676976
Sorex palustris,0.001004425,0.000473128,31.10682834
Sorex preblei,0.000368638,4.03E-05,55.70419301
Sorex pribilofensis,0.000582021,0.000185535,42.7170837
Sorex rohweri,0.000486976,0.000120823,47.38155074
Sorex sonomae,0.000722321,0.000281058,37.67770806
Sorex tenellus,0.00041982,7.51E-05,51.64973126
Sorex trowbridgii,0.000423635,7.77E-05,51.37885145
Sorex tundrensis,0.00068806,0.000257731,38.75709525
Sorex ugyunak,0.000408277,6.72E-05,52.49360351
Sorex vagrans,0.000572126,0.000178798,43.14497591
Sorex yukonicus,0.000582021,0.000185535,42.7170837
Spilogale gracilis,0.011319459,0.007496117,7.610696004
Spilogale putorius,0.009138423,0.006011159,8.618962496
Sylvilagus aquaticus,0.031995572,0.021573444,4.160283519
Sylvilagus audubonii,0.01759179,0.011766632,5.890095547
Sylvilagus bachmani,0.014096893,0.009387132,6.699335087
Sylvilagus cognatus,0.021807539,0.014636924,5.198676792
Sylvilagus floridanus,0.021246013,0.014254608,5.278105157
Sylvilagus nuttallii,0.015727986,0.010497662,6.286269388
Sylvilagus obscurus,0.021807539,0.014636924,5.198676792
Sylvilagus palustris,0.025134505,0.016902087,4.786854749
Sylvilagus robustus,0.021807539,0.014636924,5.198676792
Sylvilagus transitionalis,0.014297552,0.00952375,6.644522463
Synaptomys borealis,0.001374938,0.000725392,25.91742061
Synaptomys cooperi,0.001812487,0.001023297,22.07219453
Tadarida brasiliensis,0.000954887,0.0004394,32.03488663
Tamias striatus,0.004269504,0.002696157,13.41397609
Tamiasciurus douglasii,0.006879243,0.004472997,10.16581073
Tamiasciurus hudsonicus,0.00637285,0.004128219,10.62781247
Taxidea taxus,0.072731862,0.049308738,2.581223853
Thomomys bottae,0.004343213,0.002746341,13.28117991
Thomomys bulbivorus,0.009481394,0.006244671,8.436344119
Thomomys clusius,0.002725344,0.001644815,17.41315902
Thomomys idahoensis,0.003007524,0.001836938,16.44397405
Thomomys mazama,0.00324838,0.002000924,15.72385962
Thomomys monticola,0.003394771,0.002100594,15.32610352
Thomomys talpoides,0.004731576,0.003010758,12.63621189
Thomomys townsendii,0.00765992,0.005004521,9.550074298
Thomomys umbrinus,0.005588996,0.003594532,11.47032091
Urocitellus armatus,0.008618998,0.005657508,8.9171768
Urocitellus beldingi,0.007997203,0.00523416,9.313847694
Urocitellus brunneus,0.00837286,0.005489925,9.068622864
Urocitellus canus,0.007847586,0.005132292,9.416655188
Urocitellus columbianus,0.011754778,0.007792504,7.445575168
Urocitellus elegans,0.011104722,0.007349913,7.695897596
Urocitellus mollis,0.005575191,0.003585133,11.4868218
Urocitellus parryii,0.015797624,0.010545075,6.270147421
Urocitellus richardsonii,0.010294927,0.006798564,8.042177312
Urocitellus townsendii,0.006626486,0.004300907,10.38943133
Urocitellus washingtoni,0.006509136,0.00422101,10.49789666
Urocyon cinereoargenteus,0.047710364,0.032272856,3.298079988
Urocyon littoralis,0.029496031,0.019871632,4.361708737
Ursus americanus,0.442435282,0.301021229,0.903744802
Ursus arctos,0.662532958,0.450874683,0.714689702
Ursus maritimus,1.118781198,0.761511196,0.527058923
Vulpes lagopus,0.045568419,0.030814514,3.387322793
Vulpes macrotis,0.053228248,0.036029706,3.09481192
Vulpes velox,0.032624118,0.022001389,4.113504038
Vulpes vulpes,0.060866697,0.041230343,2.862748142
Xerospermophilus mohavensis,0.006128987,0.003962185,10.87159587
Xerospermophilus spilosoma,0.003651181,0.002275171,14.69097592
Xerospermophilus tereticaudus,0.005368504,0.00344441,11.74184345
Zapus hudsonius,0.001184358,0.000595636,28.265553
Zapus princeps,0.001697531,0.000945029,22.9290718
Zapus trinotatus,0.001637059,0.000903857,23.41765481